2090,3,2,0,1521,110,64,16,2,0,0,17,20,48,1213,214,1,38,8,4,4,0,2,737,31,13,7,0,12,31,272,4,0,8,17,9,9,44,2,13,23,0,1,14,0,0,13,91,11,10,0,1,177,1677,71,3,6,6,2,2,4,4,62,101,332,4,54,2,5,0,0,2,10,38,0,0,80,0,0,0,45,98,0,0,0,0,0,0,0,1,12,79,0,0,0,0,0,0,0,45,0,0,0,0,1,0,8,0,0,0,0,0,0,0,1,0,1,0,0,0,0,0,0,1,0,0,0,0,1,10,0,0,0,0,0,0,0,0,11,3,24,0,21,0,0,0,9,1,1,0,0,54,234,199,25,2,0,17,1,36,1,2,0,0,0
0,2911,0,0,1,4,3,0,1,9,39,1,1,3,16,25,0,1,2411,66,1011,896,4,7,4,1,6,0,0,4,0,2,0,32,6,0,110,75,1,0,1,0,1646,19,590,0,0,0,47,1,12,1956,1,6,15,0,7,1034,145,1123,199,765,0,14,7,28,6,1,3,0,0,0,348,128,0,0,0,3,0,0,0,0,0,0,0,0,1,0,0,0,0,0,0,0,3,4,1,1,1,0,2,0,1,0,0,1,0,0,0,0,1,0,3,0,0,0,0,0,3,2,7,0,0,0,0,0,1,1,0,0,0,0,0,0,0,2,0,1,0,0,0,10,3,0,0,0,0,0,0,3,0,66,6,34,7,57,2,1,1,0,0,0,4,0,1
0,0,6937,119,3,4,30,676,83,0,0,6,0,0,1,2660,3,4,0,0,0,0,1,12,0,171,385,696,1489,233,0,1,14,2,0,21,0,2,2,0,136,0,1,1,0,1648,2012,17,13,13,0,0,2,6,6,0,0,0,0,0,0,0,0,1,2,0,291,180,1,0,0,3,0,0,7,0,0,0,82,22,0,0,0,194,13,0,0,3,0,0,0,73,0,1,0,0,0,0,2,0,2,96,11,75,22,43,0,0,8,6,0,26,1,1,0,0,34,0,0,0,0,85,172,0,7,1,0,0,1,0,1,3,5,0,0,0,0,0,0,0,0,2,115,77,3,1,0,7,0,7,3,228,243,109,59,15,0,4,9,4,0,2,0,0,0
0,0,0,4212,0,0,1,0,0,0,0,1618,1,3,20,163,156,35,3,1,0,0,0,7,74,1704,19,663,1225,1,0,0,4,20,0,131,4,16,3,2,805,0,0,1,2,1298,0,5,126,1556,0,0,12,1,19,12,28,0,1,0,0,0,0,4,6,2,1,462,217,28,0,0,1,46,5,0,0,0,2,3,0,0,0,7,0,0,0,1,0,0,4,32,0,0,0,0,0,0,0,0,0,1,0,1,7,0,0,0,0,0,0,0,0,0,0,0,0,0,0,0,0,0,2,0,0,0,0,0,0,0,1,0,0,0,0,0,0,0,0,0,0,0,1,0,1,6,0,0,0,0,0,100,846,246,96,4,1,1,1,5,0,1,0,0,0
0,0,0,0,415,404,62,24,4,5,1,1,24,4,485,1245,0,31,3,1,8,3,6,235,0,1,6,3,3,29,443,2,1,8,21,2,6,9,4,4,2,0,1,16,2,3,32,93,16,1,1,1,7,664,122,1,0,0,3,1,2,6,9,107,125,3,100,1,2,1,274,3,7,8,0,0,44,0,0,0,26,208,0,0,0,0,0,1,1,0,0,82,0,0,0,0,0,0,1,41,0,0,0,0,0,0,19,1,0,0,0,0,0,0,0,0,0,0,0,0,0,0,0,3,0,0,0,0,0,3,0,0,0,0,0,0,0,1,0,11,71,0,46,0,0,0,24,0,0,0,0,52,260,218,22,5,0,15,1,17,0,1,0,0,0
0,0,0,0,0,7033,2230,121,61,40,0,3,34,32,36,6754,1,64,3,5,5,6,21,149,5,2,7,1,2,70,1249,662,0,10,9,1,8,42,6,0,0,0,2,23,21,1,35,38,21,3,0,2,5,37,2,0,1,0,0,0,3,5,32,472,31,5,1493,1,0,0,1824,28,14,7,0,0,179,0,0,0,109,25,0,0,0,0,0,3,6,76,154,298,0,1,0,0,0,1,0,109,0,0,1,0,0,1,74,12,0,0,0,0,2,2,3,2,0,0,0,0,1,0,0,2,2,0,0,0,78,193,38,0,0,0,1,0,0,0,26,73,19,0,87,0,0,0,7,0,5,2,0,65,866,344,56,10,0,121,38,120,3,52,0,0,0
0,0,0,0,0,0,5381,1702,128,144,0,56,20,79,91,5766,3,77,2,6,0,6,63,38,1,0,89,0,14,296,67,5,0,3,1,0,4,9,6,4,0,0,3,9,40,0,355,12,21,71,0,1,13,107,11,0,3,0,1,0,0,10,44,31,2,19,1213,1,13,3,37,70,9,6,0,0,5,0,0,4,1,1,52,4,0,0,0,22,0,12,349,532,1,9,4,1,0,0,2,4,0,1,1,0,13,1,1,0,0,0,0,0,2,0,1,1,0,0,1,0,0,0,0,2,1,11,0,1,18,38,277,0,1,0,0,0,0,0,1,1,0,0,226,0,74,7,0,0,0,1,0,153,276,125,76,71,0,18,149,214,16,54,0,0,2
0,0,0,0,0,0,0,2974,689,34,0,4,0,13,23,3824,0,4,1,1,0,0,5,8,0,2,109,0,205,521,22,2,0,0,0,0,0,3,0,0,0,0,0,0,9,15,2749,1,3,1,0,0,3,60,2,0,1,0,0,0,0,5,12,7,1,15,664,2,0,13,6,161,1,1,0,0,1,0,17,5,0,0,6,70,0,0,0,1,0,1,53,218,2,0,0,0,0,0,0,0,0,3,0,0,30,7,0,0,0,1,0,1,0,0,0,0,1,0,0,0,0,3,9,0,1,0,0,0,0,1,19,0,0,0,0,0,0,0,0,0,0,0,50,1,6,27,0,3,0,1,0,8,23,16,9,18,0,3,53,27,3,2,0,0,0
0,0,0,0,0,0,0,0,743,669,2,0,1,3,0,23,0,1,0,1,0,2,28,5,7,6,267,0,0,1103,11,4,0,10,0,5,8,8,0,0,5,0,0,2,161,0,497,0,4,0,0,0,1,3,1,2,36,0,1,0,1,7,1,4,0,44,621,18,0,0,12,1952,11,12,0,0,0,0,44,2,0,0,0,0,0,0,0,0,0,0,0,1,0,0,0,0,0,0,0,1,0,27,7,12,6,20,0,0,0,1,0,2,0,0,0,0,0,0,0,0,0,2,1,0,2,0,0,0,0,0,0,1,1,0,0,0,0,0,0,0,0,1,20,25,0,0,0,3,0,0,0,100,9,10,7,52,1,1,11,0,0,0,0,0,0
0,0,0,0,0,0,0,0,0,162,38,0,0,1,1,38,0,1,45,70,50,20,169,0,10,0,72,0,0,755,7,0,2,4,0,0,4,4,0,0,0,0,22,0,690,0,10,1,6,0,1,3,0,0,2,0,31,22,40,10,2,73,1,0,0,290,450,0,0,0,4,143,13,2,0,0,0,4,1,0,0,0,0,0,0,1,13,0,0,0,0,2,0,0,2,6,0,1,1,0,0,0,0,0,0,2,1,1,0,0,1,0,0,1,0,0,0,0,8,4,10,0,0,0,2,0,0,0,0,0,0,0,1,1,1,0,1,0,0,0,0,19,32,0,0,0,0,1,1,3,0,16,1,7,2,152,0,1,1,1,0,0,0,0,0
0,0,0,0,0,0,0,0,0,0,9808,0,0,0,3,6,0,0,31,6823,3,1339,4,0,7,0,14,0,0,49,0,0,0,11,0,0,3,8,0,0,0,0,1850,0,5352,0,0,0,8,0,0,198,0,0,9,0,21,9,197,8,1,96,0,1,0,3732,10,1,1,0,0,8,6,26,0,0,0,1,0,0,0,1,0,0,0,1,64,0,0,0,0,1,0,0,0,5,0,388,1,0,0,0,0,0,0,0,0,0,0,0,0,0,1,0,0,0,0,0,4,1,67,0,0,0,0,0,2,7,0,0,0,0,0,0,0,0,1,10,0,0,0,5,3,0,0,0,0,0,3,0,0,35,1,4,3,28,1,0,1,2,0,0,4,0,1
0,0,0,0,0,0,0,0,0,0,0,1419,56,1077,397,778,25,88,5,1,0,0,0,96,93,238,11,16,238,8,0,0,2,18,1,74,11,52,148,365,163,0,0,1,0,11,2,30,36,3070,0,0,2013,7,283,34,38,2,4,0,4,0,82,8,23,4,6,93,2713,29,0,1,5,183,1,0,1,0,0,0,0,1,3,0,0,0,0,5,0,0,30,21,0,0,0,0,0,0,0,0,0,0,0,0,3,0,0,0,0,0,0,0,0,0,0,0,0,0,0,0,0,0,0,0,0,0,0,0,3,3,13,0,1,0,0,0,0,0,0,0,0,0,5,0,1,1,0,0,0,0,0,207,1176,171,61,0,1,0,4,42,0,0,0,1,0
0,0,0,0,0,0,0,0,0,0,0,0,45,625,17,13,1,89,0,0,0,1,0,976,0,10,0,0,2,0,2,1,0,9,0,17,4,9,500,33,65,0,0,2,1,0,0,787,2,331,0,0,9,27,2,1,0,0,0,0,1,0,24,1,275,0,26,1,0,0,0,1,4,13,1,0,4,0,0,0,3,8,0,0,0,0,0,0,0,0,0,7,0,0,0,0,0,0,0,2,0,0,0,0,0,0,0,0,0,0,0,0,0,0,0,0,0,0,0,0,0,0,0,0,0,0,0,0,0,1,0,0,0,0,0,0,0,0,0,0,1,0,15,0,0,0,0,0,0,0,0,36,105,40,9,0,0,0,1,4,0,0,0,0,0
0,0,0,0,0,0,0,0,0,0,0,0,0,1370,121,101,9,238,2,1,0,2,1,357,18,33,3,0,2,8,0,0,0,8,3,21,6,21,839,961,65,0,0,4,1,5,7,99,22,1389,0,0,1631,131,80,10,4,0,2,0,0,1,614,5,43,4,18,7,6,3,0,1,5,42,0,0,6,0,0,0,3,3,0,0,0,0,0,1,0,8,14,12,0,0,0,0,0,0,0,3,0,0,0,0,0,0,0,0,0,0,0,0,0,1,4,2,0,0,0,0,0,0,0,0,0,0,0,0,5,17,1,0,0,0,0,0,0,0,2,0,0,0,4,0,0,0,0,0,0,0,0,129,265,111,36,5,0,1,7,30,0,3,0,0,0
0,0,0,0,0,0,0,0,0,0,0,0,0,0,5359,1127,36,300,194,44,30,13,2,435,503,80,123,17,585,52,21,3,1,51,21,65,139,249,10,32,46,0,12,33,8,103,26,65,158,339,2,5,4642,3147,6551,52,449,59,112,56,59,10,449,29,170,39,44,60,2351,413,2,3,54,453,2,0,90,0,0,2,47,157,120,5,0,0,0,54,16,116,246,444,2,10,1,0,0,1,0,37,2,0,0,0,5,3,1,0,0,1,0,0,3,5,18,12,0,0,0,1,0,0,2,5,2,38,0,0,165,219,116,0,2,0,0,0,0,0,38,4,4,0,104,4,50,1,0,1,2,2,0,756,1762,1047,376,13,2,7,66,195,24,30,2,0,0
0,0,0,0,0,0,0,0,0,0,0,0,0,0,0,19115,93,500,20,7,8,20,14,134,18,13,439,72,1170,464,520,19,0,30,24,8,24,158,19,117,5,0,17,56,22,170,877,129,267,766,0,12,306,307,5077,10,48,5,40,3,9,14,39,200,29,115,808,203,448,1050,533,41,42,69,0,0,120,0,15,72,68,132,288,402,2,0,0,100,10,80,295,603,7,17,0,1,0,1,1,50,2,1,5,1,107,6,11,1,0,0,0,0,1,6,10,14,1,0,0,2,1,26,14,8,16,66,0,2,119,136,136,0,2,0,0,0,1,2,26,9,24,1,458,8,100,39,7,0,3,4,0,2491,2638,2244,948,84,2,31,178,377,56,54,5,0,2
0,0,0,0,0,0,0,0,0,0,0,0,0,0,0,0,121,492,2,1,0,0,73,36,5,63,20,43,96,2,1,1,38,20,25,4,0,6,4,1,206,0,1,34,1,58,1,21,735,879,0,0,2,9,18,0,4,1,3,0,0,0,0,75,2,2,2,31,5,31,0,0,1,5,2,0,0,0,0,0,0,0,0,1,0,0,0,0,0,0,0,1,0,0,0,0,0,0,0,0,0,0,0,0,0,0,0,0,0,0,0,0,0,0,0,0,0,0,0,0,0,0,0,0,0,0,0,0,0,0,0,0,0,0,0,0,0,0,0,0,0,0,2,0,0,0,0,0,0,0,0,3,66,120,1,0,0,1,0,0,0,0,0,0,0
0,0,0,0,0,0,0,0,0,0,0,0,0,0,0,0,0,575,5,0,0,0,15,586,3,6,11,11,71,16,17,20,4,31,154,5,17,22,139,21,52,0,0,191,1,21,12,777,685,2240,0,0,45,134,210,1,2,1,1,1,1,2,35,190,131,1,39,7,12,41,6,0,23,8,0,0,4,0,0,0,1,7,0,0,0,0,0,0,0,0,5,11,0,0,0,0,0,0,0,1,0,0,0,0,0,0,0,0,0,0,0,0,1,0,0,0,0,0,0,0,0,0,0,0,0,0,0,0,2,5,3,0,0,0,0,0,0,1,1,0,0,0,17,0,0,1,0,0,0,0,0,5,163,168,24,2,0,25,3,2,0,0,0,0,0
0,0,0,0,0,0,0,0,0,0,0,0,0,0,0,0,0,0,3138,1405,801,3,6,11,448,9,159,0,14,13,0,0,4,56,4,3,112,91,0,0,0,0,2463,10,53,5,0,1,54,2,3,48,33,43,86,2,389,6002,3584,1207,313,68,2,11,15,119,30,26,37,9,0,0,216,1054,2,0,0,8,0,1,0,0,0,0,0,1,8,0,0,0,0,0,0,0,5,6,1,5,1,0,3,0,4,0,0,10,0,0,0,2,0,0,3,1,0,0,0,0,9,0,34,0,0,0,0,0,0,2,0,0,0,0,9,0,3,2,0,4,0,0,0,31,10,1,0,0,0,4,3,3,0,163,19,59,16,65,2,0,8,2,3,0,2,0,0
0,0,0,0,0,0,0,0,0,0,0,0,0,0,0,0,0,0,0,4543,32,188,3,2,28,1,346,0,11,18,1,1,3,44,0,6,24,53,0,0,0,0,1139,5,988,0,0,0,27,0,0,15,9,12,55,1,1348,111,3014,40,5,21,0,11,3,1852,34,2,4,0,0,0,14,189,3,0,0,5,0,1,0,0,0,0,0,2,9,0,0,0,0,1,0,0,1,4,1,9,0,0,0,0,0,0,0,3,0,0,0,1,0,0,1,2,0,0,0,0,9,0,25,0,0,0,4,0,1,2,0,0,0,0,6,2,0,1,3,5,0,0,1,14,10,0,0,0,0,1,1,0,0,170,14,31,14,51,2,0,0,0,0,0,6,1,0
0,0,0,0,0,0,0,0,0,0,0,0,0,0,0,0,0,0,0,0,4853,337,55,11,20,2,29,0,1,8,2,1,0,19,1,1,331,39,0,0,0,0,67,266,139,0,0,0,3,1,1116,333,8,6,8,0,56,809,333,757,2595,4609,2,14,5,56,11,4,5,0,1,1,427,137,0,0,0,7,0,0,0,0,0,0,0,0,9,0,0,0,0,1,0,0,3,6,0,5,0,0,1,0,3,0,0,7,0,0,0,0,0,0,5,2,0,0,0,0,11,2,36,0,0,0,0,0,0,1,0,0,0,0,3,1,1,1,2,3,0,0,0,36,13,0,0,0,0,2,5,2,0,20,6,20,3,315,6,2,0,0,0,0,4,0,0
0,0,0,0,0,0,0,0,0,0,0,0,0,0,0,0,0,0,0,0,0,10726,149,11,0,0,3,0,0,27,1,2,1,21,4,0,16,26,0,1,0,0,287,16,9244,0,0,0,24,2,10,2043,1,5,4,0,5,0,39,5,3,3491,1,20,3,372,10,0,0,0,0,1,17,28,0,0,0,0,0,0,0,1,0,0,0,0,5,0,0,1,0,2,0,0,0,1,0,46,0,0,0,0,1,0,0,0,0,0,0,0,0,0,0,0,0,0,0,0,2,0,6,0,0,0,0,0,0,3,0,0,0,0,0,1,0,0,0,0,0,0,0,4,3,0,0,0,0,0,0,0,0,50,8,30,3,435,0,1,0,0,0,1,0,0,0
0,0,0,0,0,0,0,0,0,0,0,0,0,0,0,0,0,0,0,0,0,0,2049,59,0,0,3,0,1,21,6,5,0,2,243,0,20,10,0,0,1,0,1,1082,431,0,6,13,66,2,136,2,2,0,0,0,2,3,3,3,1,1657,0,69,5,40,30,1,0,0,3,12,5,0,0,0,0,0,0,0,0,0,0,0,0,0,0,0,0,0,0,0,0,0,0,0,0,0,0,0,0,0,0,0,0,0,1,0,0,0,1,0,0,0,0,0,0,0,0,0,0,0,0,0,1,0,0,0,0,0,0,0,0,0,0,0,0,0,0,0,0,0,0,0,0,0,0,0,0,0,0,14,12,82,11,2636,383,7,0,0,0,2,0,0,0
0,0,0,0,0,0,0,0,0,0,0,0,0,0,0,0,0,0,0,0,0,0,0,3575,19,43,9,3,38,9,314,131,7,63,65,61,36,69,201,122,184,0,2,81,1,7,1,2196,113,462,0,3,316,159,35,10,9,4,0,5,5,15,626,1808,8141,4,109,4,5,1,48,0,34,80,0,0,73,0,2,0,46,116,0,0,0,0,0,1,0,0,9,96,0,0,0,0,0,1,1,87,0,0,1,0,0,1,71,19,0,0,0,0,0,1,1,1,0,0,0,1,1,0,0,3,1,0,0,0,1,10,1,0,2,0,0,0,0,2,5,60,35,0,57,0,0,1,24,0,0,0,0,121,1105,736,52,10,2,437,3,52,18,1,0,1,17
0,0,0,0,0,0,0,0,0,0,0,0,0,0,0,0,0,0,0,0,0,0,0,0,2701,604,489,15,185,6,2,0,8,94,1,108,210,404,3,2,5,0,2,11,2,32,0,2,50,51,4,0,150,33,88,628,3263,20,218,90,53,5,18,17,29,20,11,834,247,35,0,1,100,4906,6,0,0,2,2,1,0,0,0,0,3,0,4,1,0,0,0,2,1,0,1,3,0,4,0,0,8,0,41,0,0,23,0,0,0,1,0,0,3,0,0,0,0,0,4,1,13,1,0,0,4,0,1,1,0,0,2,0,48,1,1,2,2,1,0,0,0,18,4,1,0,0,0,5,4,2,0,110,21,37,30,56,1,1,12,0,2,0,6,0,0
0,0,0,0,0,0,0,0,0,0,0,0,0,0,0,0,0,0,0,0,0,0,0,0,0,5868,514,241,115,68,3,0,73,237,5,1568,24,93,15,7,3033,0,0,1,1,44,10,16,325,545,0,0,60,2,4,606,1223,2,5,0,0,0,34,6,2,4,23,3732,66,0,0,1,20,615,42,0,0,0,34,0,0,0,0,1,5,0,0,1,0,0,1,2,0,0,0,0,0,0,0,0,5,42,76,11,3,49,0,0,3,4,1,3,0,0,0,0,11,0,0,0,1,2,29,0,3,0,0,0,0,0,0,9,30,0,0,1,0,0,0,0,0,0,9,69,0,0,0,8,1,4,0,109,103,106,31,21,2,6,10,1,1,0,3,0,0
0,0,0,0,0,0,0,0,0,0,0,0,0,0,0,0,0,0,0,0,0,0,0,0,0,0,6455,164,470,1471,2,5,102,93,3,134,27,58,0,0,86,0,9,7,29,352,188,0,204,10,1,2,12,40,536,76,7580,3,576,12,13,11,1,19,3,634,85,3137,30,127,0,47,27,114,42,0,0,5,1,3,0,0,0,4,33,2,5,0,0,0,2,3,0,0,7,7,0,2,3,1,47,20,74,3,0,176,1,0,5,25,1,15,12,7,0,0,6,0,4,1,34,1,10,1,16,0,1,2,0,0,1,13,201,2,8,6,2,3,0,0,0,42,43,4,0,0,0,92,26,40,4,645,162,300,127,58,10,8,31,6,10,0,43,2,2
0,0,0,0,0,0,0,0,0,0,0,0,0,0,0,0,0,0,0,0,0,0,0,0,0,0,0,2508,590,6,0,0,11,4,1,10,0,1,0,0,86,0,0,2,0,6554,3,4,134,38,0,0,10,3,3,0,26,0,0,0,0,0,1,11,9,0,8,4477,26,9,0,0,1,4,0,0,0,0,10,0,1,0,0,5,16,0,0,0,0,0,0,4,0,0,0,0,0,0,0,0,2,52,5,12,4,21,0,0,2,6,0,6,0,0,0,0,7,0,0,0,0,10,33,0,2,0,0,0,0,0,1,3,4,0,0,0,0,0,0,1,0,0,1,21,0,0,0,2,1,2,3,520,321,366,156,7,4,10,2,3,1,1,1,0,0
0,0,0,0,0,0,0,0,0,0,0,0,0,0,0,0,0,0,0,0,0,0,0,0,0,0,0,0,4346,25,1,4,4,4,0,6,10,26,9,2,37,0,3,3,2,11264,23,37,90,120,0,0,547,17,458,19,382,3,17,6,3,0,6,21,22,9,14,869,2969,3331,0,0,4,95,2,0,0,0,5,50,1,0,55,198,0,0,0,11,0,1,11,107,0,1,0,0,0,1,0,0,1,9,2,30,65,2,0,0,0,1,0,1,0,1,0,0,1,0,0,2,0,55,27,1,0,2,0,0,1,0,4,0,1,0,0,0,0,0,0,0,0,0,15,7,29,26,0,0,0,0,0,1139,2190,881,611,56,3,13,16,36,4,8,1,0,0
0,0,0,0,0,0,0,0,0,0,0,0,0,0,0,0,0,0,0,0,0,0,0,0,0,0,0,0,0,7829,15,5,14,39,0,33,12,32,0,0,17,0,10,2,881,12,2804,1,54,12,1,0,11,110,288,18,642,6,11,12,8,14,9,8,0,2721,343,14,3,3,7,5452,24,55,11,0,0,4,13,0,0,0,1,0,15,0,16,1,0,0,2,7,0,0,11,12,0,7,3,1,23,11,84,5,1,78,0,0,1,13,1,4,10,8,0,0,5,0,14,4,18,4,12,0,6,0,3,2,0,1,2,4,137,4,2,1,8,4,0,0,0,17,42,30,0,1,0,25,7,23,4,275,44,87,44,81,1,2,53,7,9,3,24,0,0
0,0,0,0,0,0,0,0,0,0,0,0,0,0,0,0,0,0,0,0,0,0,0,0,0,0,0,0,0,0,895,600,0,1,2,2,1,2,1,2,5,0,0,7,1,1,6,19,4,2,2,0,0,8,8,0,0,0,0,1,0,2,1,1776,197,3,509,0,0,0,1567,9,1,3,0,0,4,1,0,0,5,151,0,0,0,0,0,0,1,0,3,22,0,0,0,0,0,0,1,43,0,0,0,0,0,0,114,362,0,0,0,0,0,0,0,0,0,0,0,0,0,0,0,2,0,0,0,0,0,0,0,0,0,0,0,0,0,0,0,72,31,0,131,0,0,0,23,0,0,0,0,19,512,143,11,4,7,335,2,15,12,0,5,1,8
0,0,0,0,0,0,0,0,0,0,0,0,0,0,0,0,0,0,0,0,0,0,0,0,0,0,0,0,0,0,0,826,0,0,5,0,4,5,0,0,0,0,1,10,1,2,2,0,4,1,0,0,1,0,1,0,0,3,0,0,1,5,1,2257,44,0,393,2,1,2,380,2,3,0,0,0,0,0,0,0,0,1,1,0,0,0,0,0,0,0,0,1,0,0,0,1,0,0,0,1,0,0,0,1,0,0,2,31,0,0,0,0,0,1,0,0,0,0,0,0,0,0,0,1,2,0,0,0,0,0,0,0,0,0,0,0,0,0,0,7,0,0,9,0,0,0,0,0,2,0,0,249,345,1056,58,17,50,950,9,5,28,13,10,1,32
0,0,0,0,0,0,0,0,0,0,0,0,0,0,0,0,0,0,0,0,0,0,0,0,0,0,0,0,0,0,0,0,690,610,63,138,0,1,0,0,1034,0,0,0,0,4,0,7,1173,49,0,0,0,0,1,4,43,0,2,0,0,0,1,0,0,7,3,27,0,2,0,0,0,6,630,0,0,0,1,0,0,0,0,0,0,0,0,0,0,0,0,0,0,0,0,0,0,0,0,0,0,0,1,0,0,2,0,0,0,0,0,0,0,0,0,0,0,0,0,0,0,0,0,0,0,0,0,0,0,0,0,0,0,0,0,0,0,0,0,0,0,0,0,0,0,0,0,0,0,0,0,4,24,42,3,0,2,0,0,0,0,0,0,0,0
0,0,0,0,0,0,0,0,0,0,0,0,0,0,0,0,0,0,0,0,0,0,0,0,0,0,0,0,0,0,0,0,0,2509,1879,1461,41,634,25,4,614,0,28,1348,14,5,3,47,2550,108,3,5,43,12,5,213,72,11,51,21,8,16,12,16,12,56,28,34,3,0,1,0,315,5638,1243,0,2,0,2,0,0,1,0,0,2,0,0,0,0,0,0,1,0,0,0,0,0,0,1,0,1,3,23,1,0,9,0,0,0,0,0,0,0,0,0,0,0,0,1,0,0,0,3,0,3,0,1,0,0,1,0,0,11,0,0,1,0,0,0,0,0,0,6,8,0,0,0,1,1,1,0,127,37,51,24,42,7,0,9,0,0,0,1,0,0
0,0,0,0,0,0,0,0,0,0,0,0,0,0,0,0,0,0,0,0,0,0,0,0,0,0,0,0,0,0,0,0,0,0,473,63,2,13,0,0,5,0,5,1474,0,0,0,52,1195,2,2,0,2,4,1,6,0,4,1,6,1,5,1,34,5,2,5,0,0,0,0,0,3,188,18,0,2,0,0,0,1,0,0,0,0,0,0,0,0,0,0,0,0,0,0,0,0,0,0,0,0,0,0,0,0,0,0,0,0,0,0,0,0,0,0,0,0,0,0,0,0,0,0,0,0,0,0,0,0,1,0,0,0,0,1,0,0,0,0,0,0,0,0,0,0,0,0,0,0,0,0,10,16,39,7,25,233,3,0,1,0,0,1,0,0
0,0,0,0,0,0,0,0,0,0,0,0,0,0,0,0,0,0,0,0,0,0,0,0,0,0,0,0,0,0,0,0,0,0,0,734,5,34,17,7,2080,0,0,1,0,1,1,11,161,147,0,0,32,0,5,386,52,1,5,0,1,1,57,2,3,4,20,46,5,2,0,0,5,246,271,0,0,0,11,0,0,0,0,0,0,0,0,0,0,0,0,0,0,0,0,0,0,0,0,0,1,14,35,0,0,10,0,0,0,3,0,0,0,0,0,0,0,0,0,0,0,2,3,0,0,0,0,0,0,0,0,0,16,0,0,0,0,0,0,0,0,0,4,13,0,0,0,0,0,1,0,7,10,4,1,2,0,0,6,0,0,0,0,0,0
0,0,0,0,0,0,0,0,0,0,0,0,0,0,0,0,0,0,0,0,0,0,0,0,0,0,0,0,0,0,0,0,0,0,0,0,2952,1525,8,1,0,0,16,741,14,1,1,12,5,15,2311,10,131,9,7,21,19,91,39,935,1675,102,8,95,18,26,20,3,40,1,2,0,2588,1167,0,0,1,0,0,0,0,2,0,0,0,0,0,0,0,0,1,1,0,0,0,0,1,2,0,0,1,0,8,1,0,8,0,0,0,1,0,0,5,2,0,0,0,0,0,1,3,0,0,0,0,0,0,0,0,0,0,0,5,0,0,0,0,0,0,1,0,6,2,3,0,0,0,2,0,0,0,143,23,48,10,408,30,11,2,3,1,1,5,1,1
0,0,0,0,0,0,0,0,0,0,0,0,0,0,0,0,0,0,0,0,0,0,0,0,0,0,0,0,0,0,0,0,0,0,0,0,0,2082,15,6,2,0,49,701,11,9,6,24,210,48,61,8,148,47,41,121,23,52,40,361,93,32,22,52,33,45,18,9,48,5,1,5,2906,8553,0,0,3,0,3,0,0,3,0,0,1,0,1,0,0,0,1,8,0,0,0,0,0,0,0,0,4,0,10,1,0,13,0,0,0,0,0,0,3,2,0,0,0,0,1,1,0,0,0,0,0,0,0,0,0,2,2,0,12,0,0,0,0,0,0,1,0,3,3,2,0,0,1,1,0,0,0,286,69,97,36,220,20,6,14,3,0,3,5,1,0
0,0,0,0,0,0,0,0,0,0,0,0,0,0,0,0,0,0,0,0,0,0,0,0,0,0,0,0,0,0,0,0,0,0,0,0,0,0,218,74,40,0,0,5,0,0,1,462,9,658,0,0,5,3,4,1,0,0,0,1,0,0,4,0,35,0,3,0,0,0,0,0,9,9,0,0,0,0,0,0,1,1,0,0,0,0,0,0,0,0,2,1,0,0,0,0,0,0,0,2,0,0,0,0,0,0,0,0,0,0,0,0,0,0,0,0,0,0,0,0,0,0,0,0,0,0,0,0,0,1,0,0,0,0,0,0,0,0,1,0,0,0,0,0,0,0,0,0,0,0,0,46,45,22,11,0,0,0,0,1,0,0,0,0,0
0,0,0,0,0,0,0,0,0,0,0,0,0,0,0,0,0,0,0,0,0,0,0,0,0,0,0,0,0,0,0,0,0,0,0,0,0,0,0,39,21,0,0,0,0,0,1,25,3,741,0,0,15,1,23,2,2,0,0,0,0,0,53,4,5,0,0,3,41,0,0,0,0,13,1,0,0,0,0,0,0,0,0,0,0,0,0,1,0,0,2,3,0,0,0,0,0,0,0,0,0,0,0,0,0,0,0,0,0,0,0,0,0,0,0,0,0,0,0,0,0,0,0,0,0,0,0,0,0,0,1,0,0,0,0,0,0,0,0,0,0,0,0,0,0,0,0,0,0,0,0,38,189,18,10,0,0,3,1,4,0,1,0,0,0
0,0,0,0,0,0,0,0,0,0,0,0,0,0,0,0,0,0,0,0,0,0,0,0,0,0,0,0,0,0,0,0,0,0,0,0,0,0,0,0,1627,0,0,2,0,31,14,51,951,928,0,0,21,6,5,38,19,0,1,0,0,0,78,0,16,0,27,142,2,1,0,2,1,30,606,0,0,0,6,0,2,0,0,0,1,0,0,0,0,0,0,1,0,0,0,0,0,0,0,0,0,7,8,5,3,4,0,0,0,0,0,0,0,0,0,0,0,0,0,0,0,0,2,0,0,0,0,0,0,0,1,0,1,0,0,0,0,0,0,0,0,0,0,10,0,0,0,0,0,0,0,4,81,139,9,0,0,1,2,0,0,1,0,0,0
0,0,0,0,0,0,0,0,0,0,0,0,0,0,0,0,0,0,0,0,0,0,0,0,0,0,0,0,0,0,0,0,0,0,0,0,0,0,0,0,0,0,0,0,0,0,0,0,0,0,0,0,0,0,0,0,0,0,0,0,0,0,0,0,0,0,0,0,0,0,0,0,0,0,0,0,0,0,0,0,0,0,0,0,0,0,0,0,0,0,0,0,0,0,0,0,0,0,0,0,0,0,0,0,0,0,0,0,0,0,0,0,0,0,0,0,0,0,0,0,0,0,0,0,0,0,0,0,0,0,0,0,0,0,0,0,0,0,0,0,0,0,0,0,0,0,0,0,0,0,0,0,0,0,0,0,0,0,0,0,0,0,0,0,0
0,0,0,0,0,0,0,0,0,0,0,0,0,0,0,0,0,0,0,0,0,0,0,0,0,0,0,0,0,0,0,0,0,0,0,0,0,0,0,0,0,0,5552,9,1542,2,0,0,47,0,2,405,7,0,2,1,10,2754,303,14,13,61,0,7,1,120,4,0,1,0,0,0,27,93,0,0,0,7,0,0,0,1,0,0,0,1,6,0,0,0,0,2,0,0,3,9,0,6,1,0,0,0,0,0,0,3,0,0,0,0,1,0,1,1,0,0,0,0,11,0,23,0,0,0,0,0,0,4,0,0,0,0,7,0,0,2,3,4,0,0,0,26,6,0,0,0,0,0,4,3,0,222,21,30,11,62,3,1,1,0,1,0,4,0,0
0,0,0,0,0,0,0,0,0,0,0,0,0,0,0,0,0,0,0,0,0,0,0,0,0,0,0,0,0,0,0,0,0,0,0,0,0,0,0,0,0,0,0,1441,5,2,0,36,403,11,693,9,8,6,7,2,1,2,2,9,52,744,7,92,23,5,17,0,0,0,3,0,1279,185,0,0,2,0,0,0,0,2,0,0,1,0,1,0,0,2,1,5,0,0,0,0,0,0,0,2,1,0,0,0,1,3,0,0,0,0,0,0,0,0,1,0,0,0,0,1,0,0,0,0,0,0,0,0,1,1,0,0,0,0,0,0,0,0,0,0,0,2,1,0,0,0,0,0,0,0,0,127,27,81,19,403,913,18,0,3,2,0,0,0,1
0,0,0,0,0,0,0,0,0,0,0,0,0,0,0,0,0,0,0,0,0,0,0,0,0,0,0,0,0,0,0,0,0,0,0,0,0,0,0,0,0,0,0,0,2891,0,5,0,17,1,5,760,0,3,21,0,28,48,179,125,4,1106,0,13,4,3354,152,0,0,1,1,121,11,33,1,0,0,2,0,0,1,0,0,0,0,0,16,0,0,0,0,2,0,0,3,5,2,41,3,0,8,0,3,0,0,5,0,0,0,1,0,0,1,2,0,0,0,0,8,3,24,0,0,0,2,0,2,0,0,1,0,0,4,0,0,0,4,3,0,0,0,17,11,0,0,0,0,0,4,5,0,64,9,16,7,629,2,3,7,1,3,1,7,0,1
0,0,0,0,0,0,0,0,0,0,0,0,0,0,0,0,0,0,0,0,0,0,0,0,0,0,0,0,0,0,0,0,0,0,0,0,0,0,0,0,0,0,0,0,0,4664,2,3,115,30,0,0,12,4,13,1,40,1,1,1,0,0,1,10,3,0,8,907,78,89,1,0,1,3,1,0,0,0,7,7,0,0,0,13,1,0,0,0,0,1,0,30,0,0,0,0,0,0,0,0,1,14,0,10,11,2,0,0,1,0,0,0,0,0,0,0,3,0,0,0,0,11,15,0,0,0,0,0,0,0,0,0,0,0,0,0,0,0,0,1,0,0,0,6,1,2,0,1,0,0,0,1159,1085,656,384,21,3,15,2,0,0,3,1,0,0
0,0,0,0,0,0,0,0,0,0,0,0,0,0,0,0,0,0,0,0,0,0,0,0,0,0,0,0,0,0,0,0,0,0,0,0,0,0,0,0,0,0,0,0,0,0,1771,1,2,3,0,0,5,64,42,0,1,0,0,0,0,1,4,2,0,16,331,5,0,0,3,337,1,3,2,0,2,0,54,2,0,0,0,9,5,0,0,1,0,0,2,27,0,1,0,0,0,0,0,0,1,25,26,31,10,19,0,0,1,1,0,0,0,1,1,0,5,0,0,0,1,3,15,0,1,0,0,0,0,0,1,1,3,0,0,0,0,0,0,0,0,0,22,25,1,0,0,2,0,4,2,24,11,7,15,1,0,1,8,3,0,0,0,0,0
0,0,0,0,0,0,0,0,0,0,0,0,0,0,0,0,0,0,0,0,0,0,0,0,0,0,0,0,0,0,0,0,0,0,0,0,0,0,0,0,0,0,0,0,0,0,0,773,53,404,0,0,4,38,20,2,0,0,0,0,0,0,20,25,395,1,7,2,0,0,9,1,13,12,1,0,6,0,0,0,4,2,0,0,0,0,0,0,0,0,1,10,0,0,0,0,0,0,0,3,0,0,0,0,1,0,4,0,0,0,0,0,0,0,0,0,0,0,0,0,0,0,0,0,0,0,0,0,0,0,0,0,0,0,0,0,0,0,0,6,0,0,2,0,0,0,1,0,0,0,0,13,63,46,10,0,0,0,0,3,0,0,0,0,0
0,0,0,0,0,0,0,0,0,0,0,0,0,0,0,0,0,0,0,0,0,0,0,0,0,0,0,0,0,0,0,0,0,0,0,0,0,0,0,0,0,0,0,0,0,0,0,0,2477,787,0,11,26,38,73,13,72,29,31,25,1,9,5,45,36,34,18,192,5,47,1,1,45,383,133,0,0,1,0,0,1,0,0,0,0,0,1,0,0,1,3,7,0,0,0,0,0,0,0,0,1,1,2,0,0,7,0,0,0,0,0,0,1,0,0,0,0,0,0,0,4,0,0,0,0,0,0,0,2,3,0,1,6,0,0,2,0,0,0,1,0,2,1,0,0,0,0,0,0,0,0,82,183,785,75,12,5,3,0,1,1,1,3,0,0
0,0,0,0,0,0,0,0,0,0,0,0,0,0,0,0,0,0,0,0,0,0,0,0,0,0,0,0,0,0,0,0,0,0,0,0,0,0,0,0,0,0,0,0,0,0,0,0,0,2473,0,0,43,29,258,17,1,0,3,1,0,0,6,5,76,2,6,27,89,22,0,0,17,53,9,0,1,0,0,0,0,0,0,0,1,0,0,1,0,2,6,6,0,0,0,0,0,1,0,1,0,0,0,0,1,1,1,0,0,0,0,0,0,0,0,0,0,0,0,0,0,0,0,0,0,0,0,0,2,4,3,0,0,0,0,0,0,0,0,0,0,0,3,0,1,0,0,0,0,0,0,28,383,427,28,0,0,7,0,8,0,0,1,0,0
0,0,0,0,0,0,0,0,0,0,0,0,0,0,0,0,0,0,0,0,0,0,0,0,0,0,0,0,0,0,0,0,0,0,0,0,0,0,0,0,0,0,0,0,0,0,0,0,0,0,1841,4,1,1,0,0,1,2,1,13,367,665,0,5,1,2,0,0,1,0,0,0,118,24,0,0,0,0,0,0,0,0,0,0,0,0,0,0,0,0,0,0,0,0,0,0,0,0,0,0,0,0,0,0,0,0,0,0,0,0,0,0,1,0,0,0,0,0,0,0,0,0,0,0,1,0,0,0,0,0,0,0,0,0,0,0,0,0,0,0,0,1,0,0,0,0,0,0,0,0,0,26,1,7,0,307,76,0,0,0,0,0,0,0,0
0,0,0,0,0,0,0,0,0,0,0,0,0,0,0,0,0,0,0,0,0,0,0,0,0,0,0,0,0,0,0,0,0,0,0,0,0,0,0,0,0,0,0,0,0,0,0,0,0,0,0,539,1,0,4,0,1,19,15,2,3,812,0,8,0,2,2,0,0,0,1,0,4,14,0,0,0,0,0,0,0,1,0,0,0,0,0,0,0,0,1,0,0,0,1,0,0,4,0,0,0,0,0,0,0,0,0,0,0,0,0,0,0,0,0,0,0,0,0,0,0,0,0,0,0,0,0,0,0,0,0,0,0,0,0,0,0,0,0,0,0,2,0,0,0,0,0,0,0,0,0,12,7,7,1,34,0,1,0,0,0,1,3,0,0
0,0,0,0,0,0,0,0,0,0,0,0,0,0,0,0,0,0,0,0,0,0,0,0,0,0,0,0,0,0,0,0,0,0,0,0,0,0,0,0,0,0,0,0,0,0,0,0,0,0,0,0,5014,33,128,31,25,7,12,8,21,2,883,1,17,3,0,27,2894,1,0,1,15,209,0,0,7,0,0,0,2,4,1,0,0,0,0,1,3,33,45,54,0,1,0,0,0,0,0,2,0,0,0,0,1,0,0,0,0,0,0,0,0,0,1,2,0,0,0,0,0,0,0,0,1,1,0,0,25,45,22,0,0,0,0,0,0,0,7,0,0,0,0,0,1,0,0,0,0,0,0,133,680,236,38,5,0,2,3,40,0,4,0,0,0
0,0,0,0,0,0,0,0,0,0,0,0,0,0,0,0,0,0,0,0,0,0,0,0,0,0,0,0,0,0,0,0,0,0,0,0,0,0,0,0,0,0,0,0,0,0,0,0,0,0,0,0,0,1750,3209,1,29,8,34,6,4,2,104,6,16,24,24,4,9,1,0,9,15,28,0,0,39,0,0,0,20,51,2,0,0,0,0,1,2,36,37,103,1,2,0,0,0,0,0,9,1,0,0,0,0,0,1,0,0,0,0,0,0,2,4,5,1,0,0,0,0,0,0,1,0,2,0,0,42,55,13,0,0,0,0,0,0,0,15,1,0,0,35,1,3,2,0,0,0,2,0,63,189,154,55,2,1,1,18,36,2,8,1,0,0
0,0,0,0,0,0,0,0,0,0,0,0,0,0,0,0,0,0,0,0,0,0,0,0,0,0,0,0,0,0,0,0,0,0,0,0,0,0,0,0,0,0,0,0,0,0,0,0,0,0,0,0,0,0,7226,2,194,15,144,5,5,10,10,16,23,178,6,42,226,1842,0,7,13,32,0,0,0,0,0,1,0,16,78,3,1,0,0,20,2,38,67,164,0,5,0,0,0,0,0,3,0,0,4,0,3,3,0,0,0,0,0,0,0,0,4,5,0,0,1,0,0,0,1,3,0,9,0,1,69,37,37,0,2,0,0,0,1,0,1,1,1,1,44,2,28,1,0,1,0,0,0,530,638,872,330,9,0,2,25,40,13,3,0,0,1
0,0,0,0,0,0,0,0,0,0,0,0,0,0,0,0,0,0,0,0,0,0,0,0,0,0,0,0,0,0,0,0,0,0,0,0,0,0,0,0,0,0,0,0,0,0,0,0,0,0,0,0,0,0,0,397,45,1,0,0,0,0,11,1,1,1,5,47,8,1,0,0,30,427,12,0,0,0,0,0,0,0,0,0,0,0,0,0,0,0,0,0,0,0,0,0,0,0,1,0,1,1,5,0,1,4,0,0,0,0,0,0,0,0,0,0,0,0,0,0,0,0,1,0,0,0,0,0,0,0,0,0,9,0,0,0,0,0,0,0,0,0,1,1,0,0,0,1,0,0,0,7,10,3,0,9,0,0,3,0,0,0,2,0,0
0,0,0,0,0,0,0,0,0,0,0,0,0,0,0,0,0,0,0,0,0,0,0,0,0,0,0,0,0,0,0,0,0,0,0,0,0,0,0,0,0,0,0,0,0,0,0,0,0,0,0,0,0,0,0,0,5948,30,3269,18,12,7,6,4,7,126,35,2225,111,54,0,2,9,153,20,0,0,3,1,0,0,0,0,0,11,0,1,0,0,0,0,2,0,0,3,1,0,2,0,0,10,1,20,0,0,30,0,0,0,4,1,0,5,1,0,0,0,0,6,0,21,0,1,0,3,0,0,1,0,0,1,0,61,2,0,2,1,2,0,0,0,8,6,1,0,0,0,24,8,4,0,209,33,66,55,39,3,2,12,2,1,0,8,1,1
0,0,0,0,0,0,0,0,0,0,0,0,0,0,0,0,0,0,0,0,0,0,0,0,0,0,0,0,0,0,0,0,0,0,0,0,0,0,0,0,0,0,0,0,0,0,0,0,0,0,0,0,0,0,0,0,0,1545,260,516,128,23,2,4,5,34,15,3,8,1,0,0,150,95,0,0,0,4,0,0,0,0,0,0,0,0,7,0,0,0,0,1,0,0,3,11,0,4,1,0,0,0,3,0,0,11,0,0,0,1,0,0,0,3,0,0,0,0,8,0,22,0,0,0,1,0,0,2,1,0,0,0,4,0,0,0,1,1,0,0,0,17,3,0,0,0,0,0,1,3,0,66,9,11,7,37,2,0,1,1,1,1,6,0,0
0,0,0,0,0,0,0,0,0,0,0,0,0,0,0,0,0,0,0,0,0,0,0,0,0,0,0,0,0,0,0,0,0,0,0,0,0,0,0,0,0,0,0,0,0,0,0,0,0,0,0,0,0,0,0,0,0,0,3718,197,46,51,2,12,6,119,26,9,4,8,0,1,29,102,3,0,0,2,0,0,0,0,0,0,1,0,4,0,0,0,1,2,0,0,3,7,0,4,1,0,2,0,0,1,1,3,0,0,0,2,0,0,1,4,0,0,0,0,8,2,23,0,0,0,2,0,0,0,1,0,0,0,2,1,0,0,3,3,0,0,0,12,3,0,0,0,0,0,2,3,0,76,9,27,16,37,2,0,2,0,0,0,6,0,1
0,0,0,0,0,0,0,0,0,0,0,0,0,0,0,0,0,0,0,0,0,0,0,0,0,0,0,0,0,0,0,0,0,0,0,0,0,0,0,0,0,0,0,0,0,0,0,0,0,0,0,0,0,0,0,0,0,0,0,609,914,11,1,4,3,27,10,1,8,0,0,0,230,995,0,0,0,0,0,0,0,0,0,0,0,0,1,0,0,0,0,0,0,0,0,0,0,1,0,0,1,0,0,0,0,0,0,0,0,0,0,0,0,1,0,0,0,0,2,1,0,0,0,0,0,0,0,1,0,0,0,0,1,0,0,0,0,1,0,0,0,2,1,0,0,0,0,0,0,0,0,29,3,10,8,18,1,0,0,0,1,1,1,0,0
0,0,0,0,0,0,0,0,0,0,0,0,0,0,0,0,0,0,0,0,0,0,0,0,0,0,0,0,0,0,0,0,0,0,0,0,0,0,0,0,0,0,0,0,0,0,0,0,0,0,0,0,0,0,0,0,0,0,0,0,1297,37,4,13,4,8,4,1,5,0,0,0,83,187,0,0,0,0,0,0,0,0,0,0,0,0,0,0,0,0,0,1,0,0,0,0,0,1,0,0,0,1,3,0,0,2,0,0,0,1,0,0,1,0,0,0,0,0,1,2,1,0,0,0,0,0,0,0,0,0,0,0,0,0,0,0,0,1,0,0,0,2,1,1,0,0,0,0,0,0,0,4,7,11,4,3,2,1,1,0,0,0,2,0,0
0,0,0,0,0,0,0,0,0,0,0,0,0,0,0,0,0,0,0,0,0,0,0,0,0,0,0,0,0,0,0,0,0,0,0,0,0,0,0,0,0,0,0,0,0,0,0,0,0,0,0,0,0,0,0,0,0,0,0,0,0,2513,0,34,7,41,15,1,0,0,1,3,29,39,0,0,1,3,0,0,2,1,0,0,0,0,13,0,0,0,0,2,0,0,1,5,0,2,0,0,1,0,1,0,0,3,0,0,0,0,0,0,0,1,0,0,0,0,5,0,11,0,0,0,0,0,1,1,0,0,0,0,1,0,0,0,1,0,0,0,0,19,10,0,0,0,0,1,3,1,0,34,8,41,5,1656,22,2,6,0,2,1,5,0,0
0,0,0,0,0,0,0,0,0,0,0,0,0,0,0,0,0,0,0,0,0,0,0,0,0,0,0,0,0,0,0,0,0,0,0,0,0,0,0,0,0,0,0,0,0,0,0,0,0,0,0,0,0,0,0,0,0,0,0,0,0,0,49,0,62,1,30,4,5,0,0,0,3,63,0,0,34,0,0,0,18,34,0,0,0,0,0,0,4,1,4,38,0,0,0,0,0,0,0,17,0,0,0,0,0,1,2,0,0,0,0,0,0,0,0,0,0,0,0,0,0,0,0,0,0,0,0,0,3,5,0,0,0,0,0,0,0,0,4,0,3,0,6,1,0,0,4,0,0,0,0,27,139,69,10,1,1,1,1,12,1,2,0,0,0
0,0,0,0,0,0,0,0,0,0,0,0,0,0,0,0,0,0,0,0,0,0,0,0,0,0,0,0,0,0,0,0,0,0,0,0,0,0,0,0,0,0,0,0,0,0,0,0,0,0,0,0,0,0,0,0,0,0,0,0,0,0,0,1330,364,5,247,13,3,4,500,5,36,25,0,0,2,0,0,0,1,11,0,0,0,1,0,0,0,0,1,5,0,1,0,0,3,2,3,25,0,0,0,0,0,4,45,183,0,0,0,1,2,2,0,0,0,0,0,0,2,0,0,0,0,1,0,0,0,0,1,0,3,0,1,0,0,0,0,31,2,1,54,0,0,0,1,1,3,1,0,136,804,966,63,62,23,1626,0,27,20,2,1,1,24
0,0,0,0,0,0,0,0,0,0,0,0,0,0,0,0,0,0,0,0,0,0,0,0,0,0,0,0,0,0,0,0,0,0,0,0,0,0,0,0,0,0,0,0,0,0,0,0,0,0,0,0,0,0,0,0,0,0,0,0,0,0,0,0,4827,1,11,3,6,1,14,0,14,18,1,0,20,0,0,0,4,4,1,0,0,0,0,0,0,0,2,12,0,0,0,0,0,0,1,21,0,0,0,0,0,0,24,9,0,0,0,0,0,0,0,0,0,0,0,0,0,0,0,1,0,0,0,0,0,0,0,0,0,0,0,0,0,0,1,18,1,0,6,0,0,0,1,0,0,0,0,42,701,572,50,2,0,201,1,15,2,0,0,0,5
0,0,0,0,0,0,0,0,0,0,0,0,0,0,0,0,0,0,0,0,0,0,0,0,0,0,0,0,0,0,0,0,0,0,0,0,0,0,0,0,0,0,0,0,0,0,0,0,0,0,0,0,0,0,0,0,0,0,0,0,0,0,0,0,0,3900,128,0,1,1,1,88,27,39,10,0,0,1,2,0,1,0,0,0,0,1,12,0,0,0,0,2,0,1,7,8,0,8,5,0,3,4,13,0,0,19,0,0,0,10,1,0,11,6,0,0,0,0,17,2,38,0,1,0,3,0,4,1,1,1,0,0,34,4,1,0,4,11,0,0,0,21,15,2,0,0,0,0,3,11,0,184,11,47,35,153,1,0,12,0,2,1,11,1,0
0,0,0,0,0,0,0,0,0,0,0,0,0,0,0,0,0,0,0,0,0,0,0,0,0,0,0,0,0,0,0,0,0,0,0,0,0,0,0,0,0,0,0,0,0,0,0,0,0,0,0,0,0,0,0,0,0,0,0,0,0,0,0,0,0,0,980,16,0,2,735,337,29,20,3,0,5,0,60,5,6,13,27,160,22,2,0,9,0,1,23,185,1,6,4,2,0,1,1,16,4,8,33,8,10,65,27,11,2,6,0,7,5,2,0,0,13,0,0,1,9,6,72,3,6,3,0,0,1,1,13,0,38,5,1,0,1,2,0,37,0,5,388,15,3,6,13,17,3,11,2,110,205,130,62,68,1,514,77,19,10,20,5,1,25
0,0,0,0,0,0,0,0,0,0,0,0,0,0,0,0,0,0,0,0,0,0,0,0,0,0,0,0,0,0,0,0,0,0,0,0,0,0,0,0,0,0,0,0,0,0,0,0,0,0,0,0,0,0,0,0,0,0,0,0,0,0,0,0,0,0,0,5426,124,30,0,0,1,54,10,0,0,0,11,1,0,0,0,3,25,0,0,0,0,1,0,3,0,0,0,0,0,0,0,0,12,53,30,9,1,59,0,0,5,19,0,13,1,1,0,0,16,0,0,0,0,1,26,0,8,0,0,0,0,0,0,12,32,0,0,1,0,0,1,0,0,1,7,25,0,0,0,12,4,23,7,746,221,278,108,7,3,2,6,1,1,0,0,0,0
0,0,0,0,0,0,0,0,0,0,0,0,0,0,0,0,0,0,0,0,0,0,0,0,0,0,0,0,0,0,0,0,0,0,0,0,0,0,0,0,0,0,0,0,0,0,0,0,0,0,0,0,0,0,0,0,0,0,0,0,0,0,0,0,0,0,0,0,3649,15,0,1,2,106,0,0,0,0,0,1,0,0,10,7,0,0,0,3,0,0,34,29,1,0,0,0,0,0,0,0,0,0,0,0,5,0,0,0,0,0,0,0,0,0,1,0,0,0,0,0,0,0,0,0,0,2,0,0,3,2,19,0,0,0,0,0,0,0,0,0,0,0,2,0,19,5,0,0,0,1,0,113,1412,191,58,0,0,0,5,42,1,1,0,0,0
0,0,0,0,0,0,0,0,0,0,0,0,0,0,0,0,0,0,0,0,0,0,0,0,0,0,0,0,0,0,0,0,0,0,0,0,0,0,0,0,0,0,0,0,0,0,0,0,0,0,0,0,0,0,0,0,0,0,0,0,0,0,0,0,0,0,0,0,0,2636,0,0,0,6,0,0,1,0,0,11,0,0,33,89,0,0,0,4,0,0,4,17,0,0,0,0,0,0,0,0,0,0,0,0,21,0,0,0,0,0,0,0,0,0,0,0,0,0,0,0,0,2,3,0,0,1,0,0,1,0,0,0,0,0,0,0,0,0,0,0,0,0,4,1,11,3,0,0,0,0,0,221,538,345,220,5,1,1,8,8,4,1,0,0,1
0,0,0,0,0,0,0,0,0,0,0,0,0,0,0,0,0,0,0,0,0,0,0,0,0,0,0,0,0,0,0,0,0,0,0,0,0,0,0,0,0,0,0,0,0,0,0,0,0,0,0,0,0,0,0,0,0,0,0,0,0,0,0,0,0,0,0,0,0,0,815,3,0,0,0,0,14,0,0,0,6,44,0,0,0,0,0,0,0,0,0,29,0,0,0,0,0,0,0,47,0,0,0,0,0,0,94,29,0,0,0,0,0,0,0,0,0,0,0,0,0,0,0,1,0,0,0,0,0,0,0,0,0,0,0,0,0,0,0,88,10,0,95,0,0,0,12,0,0,0,0,2,387,136,4,1,0,226,1,6,0,0,0,0,5
0,0,0,0,0,0,0,0,0,0,0,0,0,0,0,0,0,0,0,0,0,0,0,0,0,0,0,0,0,0,0,0,0,0,0,0,0,0,0,0,0,0,0,0,0,0,0,0,0,0,0,0,0,0,0,0,0,0,0,0,0,0,0,0,0,0,0,0,0,0,0,1599,3,3,0,0,0,0,4,0,0,0,0,0,15,0,0,0,0,0,0,0,0,0,0,0,0,0,0,0,10,1,60,2,0,60,0,0,3,3,0,4,1,1,0,0,2,0,0,0,0,0,3,0,2,0,2,0,0,0,0,2,111,0,0,0,0,0,0,0,0,2,44,4,0,0,0,13,0,1,0,29,6,8,6,10,0,0,50,2,4,2,7,0,1
0,0,0,0,0,0,0,0,0,0,0,0,0,0,0,0,0,0,0,0,0,0,0,0,0,0,0,0,0,0,0,0,0,0,0,0,0,0,0,0,0,0,0,0,0,0,0,0,0,0,0,0,0,0,0,0,0,0,0,0,0,0,0,0,0,0,0,0,0,0,0,0,1882,506,0,0,2,0,0,0,1,2,0,0,0,0,0,0,0,0,0,4,0,0,0,0,0,1,0,0,1,1,10,1,0,13,0,0,0,0,0,0,5,3,0,0,0,0,2,2,3,0,0,0,0,0,0,0,2,1,1,0,6,1,0,0,0,1,0,0,0,4,5,1,0,0,0,3,3,1,0,180,15,51,14,296,21,4,8,2,1,2,2,0,0
0,0,0,0,0,0,0,0,0,0,0,0,0,0,0,0,0,0,0,0,0,0,0,0,0,0,0,0,0,0,0,0,0,0,0,0,0,0,0,0,0,0,0,0,0,0,0,0,0,0,0,0,0,0,0,0,0,0,0,0,0,0,0,0,0,0,0,0,0,0,0,0,0,17247,14,0,0,0,2,0,1,2,0,0,0,0,0,0,0,0,1,6,0,0,0,2,0,2,1,0,1,1,18,0,1,26,0,0,0,0,0,0,0,0,0,0,0,0,0,0,3,0,1,0,0,0,0,0,0,2,0,0,30,0,0,0,0,0,0,0,0,3,12,2,0,0,0,4,0,0,0,248,39,73,72,67,4,3,15,1,1,1,2,1,1
0,0,0,0,0,0,0,0,0,0,0,0,0,0,0,0,0,0,0,0,0,0,0,0,0,0,0,0,0,0,0,0,0,0,0,0,0,0,0,0,0,0,0,0,0,0,0,0,0,0,0,0,0,0,0,0,0,0,0,0,0,0,0,0,0,0,0,0,0,0,0,0,0,0,220,0,0,0,1,0,0,0,0,0,0,0,0,0,0,0,1,0,0,0,0,0,0,0,0,0,0,0,6,0,0,1,0,0,0,0,0,0,0,0,0,0,0,0,0,0,0,0,0,0,0,0,0,0,0,0,0,0,2,0,0,0,0,0,0,0,0,0,0,3,0,0,0,1,0,0,0,1,6,1,0,1,0,0,1,0,0,0,0,0,0
0,0,0,0,0,0,0,0,0,0,0,0,0,0,0,0,0,0,0,0,0,0,0,0,0,0,0,0,0,0,0,0,0,0,0,0,0,0,0,0,0,0,0,0,0,0,0,0,0,0,0,0,0,0,0,0,0,0,0,0,0,0,0,0,0,0,0,0,0,0,0,0,0,0,0,0,0,0,0,0,0,0,0,0,0,0,0,0,0,0,0,0,0,0,0,0,0,0,0,0,0,0,0,0,0,0,0,0,0,0,0,0,0,0,0,0,0,0,0,0,0,0,0,0,0,0,0,0,0,0,0,0,0,0,0,0,0,0,0,0,0,0,0,0,0,0,0,0,0,0,0,0,0,0,0,0,0,0,0,0,0,0,0,0,0
0,0,0,0,0,0,0,0,0,0,0,0,0,0,0,0,0,0,0,0,0,0,0,0,0,0,0,0,0,0,0,0,0,0,0,0,0,0,0,0,0,0,0,0,0,0,0,0,0,0,0,0,0,0,0,0,0,0,0,0,0,0,0,0,0,0,0,0,0,0,0,0,0,0,0,0,239,3,4,2,1471,197,30,4,6,5,1,19,38,87,185,734,3,83,18,2,4,1,45,965,41,23,13,3,5,30,32,5,0,5,19,6,23,77,17,24,22,0,0,46,4,7,11,179,37,6,1,2,276,884,74,12,32,6,3,15,2,0,370,171,1425,3,135,8,20,4,1,5,61,131,0,8,24,3,5,0,0,1,43,577,277,43,3,1,48
0,0,0,0,0,0,0,0,0,0,0,0,0,0,0,0,0,0,0,0,0,0,0,0,0,0,0,0,0,0,0,0,0,0,0,0,0,0,0,0,0,0,0,0,0,0,0,0,0,0,0,0,0,0,0,0,0,0,0,0,0,0,0,0,0,0,0,0,0,0,0,0,0,0,0,0,0,2338,0,1,2,0,1,3,1,2,25,1,0,0,8,37,0,0,1368,481,564,120,13,0,2,0,28,0,2,9,0,1,0,11,1,0,559,32,0,0,0,0,1579,5,610,0,0,0,14,0,11,1325,0,2,12,0,23,1557,215,1131,1120,436,0,0,0,92,27,0,0,0,0,0,72,19,0,0,0,2,0,12,0,0,15,7,6,0,29,2,2
0,0,0,0,0,0,0,0,0,0,0,0,0,0,0,0,0,0,0,0,0,0,0,0,0,0,0,0,0,0,0,0,0,0,0,0,0,0,0,0,0,0,0,0,0,0,0,0,0,0,0,0,0,0,0,0,0,0,0,0,0,0,0,0,0,0,0,0,0,0,0,0,0,0,0,0,0,0,3592,62,1,1,44,236,9,0,0,0,2,2,2,1618,4,8,0,1,0,0,3,17,4,257,250,777,167,563,1,0,19,17,1,37,0,0,6,2,226,0,1,1,0,1125,1957,23,29,31,0,0,4,1,3,3,1,0,0,0,0,1,0,1,5,0,51,321,0,1,1,0,1,10,11,6,3,2,3,2,0,0,441,330,69,55,6,3,5
0,0,0,0,0,0,0,0,0,0,0,0,0,0,0,0,0,0,0,0,0,0,0,0,0,0,0,0,0,0,0,0,0,0,0,0,0,0,0,0,0,0,0,0,0,0,0,0,0,0,0,0,0,0,0,0,0,0,0,0,0,0,0,0,0,0,0,0,0,0,0,0,0,0,0,0,0,0,0,3285,2,2,4,8,0,1,0,697,2,1,33,457,125,36,3,0,0,0,9,9,23,1763,17,252,1173,0,1,0,13,12,0,22,0,2,3,0,1261,0,0,2,0,1494,3,13,59,1190,1,0,7,5,56,27,36,1,2,1,0,1,1,6,0,0,23,141,222,173,0,0,2,10,2,0,6,1,0,0,0,0,127,758,160,34,3,2,4
0,0,0,0,0,0,0,0,0,0,0,0,0,0,0,0,0,0,0,0,0,0,0,0,0,0,0,0,0,0,0,0,0,0,0,0,0,0,0,0,0,0,0,0,0,0,0,0,0,0,0,0,0,0,0,0,0,0,0,0,0,0,0,0,0,0,0,0,0,0,0,0,0,0,0,0,0,0,0,0,711,234,19,4,5,2,1,5,63,41,404,1926,4,44,2,3,2,2,28,400,5,9,10,1,6,12,175,1,0,1,15,1,12,34,15,25,13,0,1,45,1,5,9,150,24,7,0,1,48,398,113,1,6,1,0,0,2,7,136,117,158,5,123,5,7,2,123,0,23,32,0,10,17,2,4,0,0,0,98,399,149,85,3,1,13
0,0,0,0,0,0,0,0,0,0,0,0,0,0,0,0,0,0,0,0,0,0,0,0,0,0,0,0,0,0,0,0,0,0,0,0,0,0,0,0,0,0,0,0,0,0,0,0,0,0,0,0,0,0,0,0,0,0,0,0,0,0,0,0,0,0,0,0,0,0,0,0,0,0,0,0,0,0,0,0,0,7206,1684,115,88,59,0,1,17,12,88,10028,1,14,0,2,2,5,12,98,1,1,6,2,4,58,673,1079,0,0,7,0,13,39,0,0,1,0,0,10,3,7,18,7,13,1,0,0,24,113,4,0,2,0,0,0,0,4,33,447,9,5,2489,3,0,1,931,29,28,8,0,18,152,13,21,1,0,1,35,724,224,82,14,0,103
0,0,0,0,0,0,0,0,0,0,0,0,0,0,0,0,0,0,0,0,0,0,0,0,0,0,0,0,0,0,0,0,0,0,0,0,0,0,0,0,0,0,0,0,0,0,0,0,0,0,0,0,0,0,0,0,0,0,0,0,0,0,0,0,0,0,0,0,0,0,0,0,0,0,0,0,0,0,0,0,0,0,3234,2542,141,35,1,68,9,58,133,6513,3,28,6,11,0,2,3,3,0,0,30,1,1,258,8,3,0,1,0,0,2,11,0,39,0,0,0,0,4,2,413,2,4,13,0,1,33,141,51,0,0,2,3,1,0,0,10,9,0,25,668,0,21,0,4,56,5,3,0,7,50,8,10,0,0,0,107,536,24,145,10,0,3
0,0,0,0,0,0,0,0,0,0,0,0,0,0,0,0,0,0,0,0,0,0,0,0,0,0,0,0,0,0,0,0,0,0,0,0,0,0,0,0,0,0,0,0,0,0,0,0,0,0,0,0,0,0,0,0,0,0,0,0,0,0,0,0,0,0,0,0,0,0,0,0,0,0,0,0,0,0,0,0,0,0,0,3059,1036,32,0,3,0,3,19,3595,0,3,7,7,0,1,1,1,2,6,51,3,25,471,3,8,0,3,0,2,3,2,0,0,0,0,0,0,6,5,2001,2,1,2,0,0,3,12,5,1,2,4,1,1,0,1,1,2,0,13,970,3,4,0,0,261,1,4,1,4,7,3,2,0,0,0,20,203,3,8,5,0,4
0,0,0,0,0,0,0,0,0,0,0,0,0,0,0,0,0,0,0,0,0,0,0,0,0,0,0,0,0,0,0,0,0,0,0,0,0,0,0,0,0,0,0,0,0,0,0,0,0,0,0,0,0,0,0,0,0,0,0,0,0,0,0,0,0,0,0,0,0,0,0,0,0,0,0,0,0,0,0,0,0,0,0,0,1102,863,0,2,3,8,17,148,2,3,0,1,0,8,14,2,29,12,138,0,1,1448,4,4,11,60,1,17,6,17,0,0,8,0,0,0,98,0,338,2,40,1,0,0,8,7,2,5,145,0,1,1,0,0,1,1,0,31,605,1,0,1,6,2044,3,67,10,7,0,1,1,1,0,1,175,10,22,37,45,1,8
0,0,0,0,0,0,0,0,0,0,0,0,0,0,0,0,0,0,0,0,0,0,0,0,0,0,0,0,0,0,0,0,0,0,0,0,0,0,0,0,0,0,0,0,0,0,0,0,0,0,0,0,0,0,0,0,0,0,0,0,0,0,0,0,0,0,0,0,0,0,0,0,0,0,0,0,0,0,0,0,0,0,0,0,0,469,33,1,1,10,10,108,2,1,35,14,25,144,148,1,43,1,19,0,0,836,1,1,1,12,0,1,4,24,0,0,0,0,8,9,752,0,1,1,10,4,2,5,4,12,4,0,13,10,3,3,5,89,3,1,0,736,659,2,0,0,1,230,19,36,0,3,0,0,0,3,0,0,55,17,9,26,295,0,2
0,0,0,0,0,0,0,0,0,0,0,0,0,0,0,0,0,0,0,0,0,0,0,0,0,0,0,0,0,0,0,0,0,0,0,0,0,0,0,0,0,0,0,0,0,0,0,0,0,0,0,0,0,0,0,0,0,0,0,0,0,0,0,0,0,0,0,0,0,0,0,0,0,0,0,0,0,0,0,0,0,0,0,0,0,0,8940,0,0,0,3,3,0,0,42,4439,4,1377,4,0,0,0,29,1,0,11,0,1,0,17,1,0,16,17,0,0,0,0,2599,5,6956,0,1,0,22,0,0,98,0,0,3,0,17,17,329,1,2,51,0,0,0,2559,44,0,0,0,0,0,19,26,1,0,0,1,0,9,0,0,32,10,15,5,37,5,2
0,0,0,0,0,0,0,0,0,0,0,0,0,0,0,0,0,0,0,0,0,0,0,0,0,0,0,0,0,0,0,0,0,0,0,0,0,0,0,0,0,0,0,0,0,0,0,0,0,0,0,0,0,0,0,0,0,0,0,0,0,0,0,0,0,0,0,0,0,0,0,0,0,0,0,0,0,0,0,0,0,0,0,0,0,0,0,1329,14,353,181,390,14,40,1,1,0,0,1,19,35,194,10,20,53,5,0,5,2,0,0,5,1,10,26,106,92,0,0,0,1,44,1,37,4,2749,0,0,314,14,179,31,55,2,1,0,0,0,9,0,5,3,60,60,1627,35,0,1,4,23,0,5,47,3,4,0,0,0,84,1592,55,39,1,0,0
0,0,0,0,0,0,0,0,0,0,0,0,0,0,0,0,0,0,0,0,0,0,0,0,0,0,0,0,0,0,0,0,0,0,0,0,0,0,0,0,0,0,0,0,0,0,0,0,0,0,0,0,0,0,0,0,0,0,0,0,0,0,0,0,0,0,0,0,0,0,0,0,0,0,0,0,0,0,0,0,0,0,0,0,0,0,0,0,205,317,32,36,0,18,1,0,0,0,1,1127,22,42,2,1,5,1,0,0,0,8,2,23,2,24,684,33,132,0,0,4,0,2,0,470,6,311,0,2,91,56,3,2,7,0,1,1,0,0,106,0,128,1,14,2,0,0,0,0,5,80,4,2,0,1,0,0,0,0,33,271,26,16,2,0,0
0,0,0,0,0,0,0,0,0,0,0,0,0,0,0,0,0,0,0,0,0,0,0,0,0,0,0,0,0,0,0,0,0,0,0,0,0,0,0,0,0,0,0,0,0,0,0,0,0,0,0,0,0,0,0,0,0,0,0,0,0,0,0,0,0,0,0,0,0,0,0,0,0,0,0,0,0,0,0,0,0,0,0,0,0,0,0,0,0,2152,161,219,10,174,14,0,0,1,3,180,37,35,17,2,7,16,0,1,0,5,0,6,5,40,798,816,67,0,1,0,1,24,8,304,18,1126,0,0,2175,118,128,19,57,2,3,7,1,1,104,7,118,1,58,22,156,4,1,4,23,96,1,10,33,3,7,0,0,0,78,930,52,50,6,0,2
0,0,0,0,0,0,0,0,0,0,0,0,0,0,0,0,0,0,0,0,0,0,0,0,0,0,0,0,0,0,0,0,0,0,0,0,0,0,0,0,0,0,0,0,0,0,0,0,0,0,0,0,0,0,0,0,0,0,0,0,0,0,0,0,0,0,0,0,0,0,0,0,0,0,0,0,0,0,0,0,0,0,0,0,0,0,0,0,0,0,3350,1256,28,168,173,25,4,15,19,44,167,58,68,25,223,22,0,4,1,5,4,23,100,239,3,19,28,0,4,3,6,216,15,77,65,244,7,2,4300,3554,4128,18,183,44,27,127,15,4,235,13,7,12,215,37,2555,494,2,12,219,428,0,32,83,14,14,2,0,0,543,2193,301,201,18,0,14
0,0,0,0,0,0,0,0,0,0,0,0,0,0,0,0,0,0,0,0,0,0,0,0,0,0,0,0,0,0,0,0,0,0,0,0,0,0,0,0,0,0,0,0,0,0,0,0,0,0,0,0,0,0,0,0,0,0,0,0,0,0,0,0,0,0,0,0,0,0,0,0,0,0,0,0,0,0,0,0,0,0,0,0,0,0,0,0,0,0,0,17386,81,390,78,28,14,33,71,257,24,71,469,74,1879,553,692,24,1,13,10,10,61,198,11,16,39,0,12,41,74,260,1207,270,233,502,5,23,267,992,6393,4,34,36,89,20,7,22,110,354,94,136,1024,257,351,2120,644,86,123,145,0,106,206,58,52,4,0,5,2542,2835,1350,971,118,9,63
0,0,0,0,0,0,0,0,0,0,0,0,0,0,0,0,0,0,0,0,0,0,0,0,0,0,0,0,0,0,0,0,0,0,0,0,0,0,0,0,0,0,0,0,0,0,0,0,0,0,0,0,0,0,0,0,0,0,0,0,0,0,0,0,0,0,0,0,0,0,0,0,0,0,0,0,0,0,0,0,0,0,0,0,0,0,0,0,0,0,0,0,163,485,0,1,0,0,192,35,5,39,3,20,22,2,1,1,3,19,82,7,0,28,9,1,653,0,2,67,2,24,0,158,472,1016,0,0,8,10,9,0,1,0,0,0,0,0,0,9,7,0,11,17,3,4,0,0,3,10,0,0,2,0,0,0,0,0,2,26,24,1,0,0,0
0,0,0,0,0,0,0,0,0,0,0,0,0,0,0,0,0,0,0,0,0,0,0,0,0,0,0,0,0,0,0,0,0,0,0,0,0,0,0,0,0,0,0,0,0,0,0,0,0,0,0,0,0,0,0,0,0,0,0,0,0,0,0,0,0,0,0,0,0,0,0,0,0,0,0,0,0,0,0,0,0,0,0,0,0,0,0,0,0,0,0,0,0,291,2,3,0,0,15,260,2,4,5,8,42,11,14,23,0,12,83,5,1,36,52,18,75,0,0,119,0,16,7,665,348,1802,0,0,46,87,106,1,4,1,0,0,0,1,5,134,81,1,58,4,5,23,1,5,5,10,0,0,5,1,1,0,0,0,4,210,167,3,4,1,20
0,0,0,0,0,0,0,0,0,0,0,0,0,0,0,0,0,0,0,0,0,0,0,0,0,0,0,0,0,0,0,0,0,0,0,0,0,0,0,0,0,0,0,0,0,0,0,0,0,0,0,0,0,0,0,0,0,0,0,0,0,0,0,0,0,0,0,0,0,0,0,0,0,0,0,0,0,0,0,0,0,0,0,0,0,0,0,0,0,0,0,0,0,0,1638,1397,83,20,15,0,261,6,113,35,42,45,0,1,1,35,3,1,196,98,3,0,1,0,1124,9,73,61,0,2,37,7,12,129,51,59,261,0,954,3892,3475,2389,137,56,3,1,1,120,71,24,40,65,0,1,185,1576,0,4,0,1,0,0,0,0,73,33,28,17,40,8,1
0,0,0,0,0,0,0,0,0,0,0,0,0,0,0,0,0,0,0,0,0,0,0,0,0,0,0,0,0,0,0,0,0,0,0,0,0,0,0,0,0,0,0,0,0,0,0,0,0,0,0,0,0,0,0,0,0,0,0,0,0,0,0,0,0,0,0,0,0,0,0,0,0,0,0,0,0,0,0,0,0,0,0,0,0,0,0,0,0,0,0,0,0,0,0,5202,62,210,7,0,21,4,155,0,5,16,0,0,2,95,5,9,122,95,0,0,3,0,3193,9,597,2,2,0,98,2,6,393,1,11,16,0,1171,1085,3753,140,89,71,1,1,0,3083,51,1,0,2,0,0,121,233,4,9,0,3,1,13,0,0,212,37,62,25,79,12,4
0,0,0,0,0,0,0,0,0,0,0,0,0,0,0,0,0,0,0,0,0,0,0,0,0,0,0,0,0,0,0,0,0,0,0,0,0,0,0,0,0,0,0,0,0,0,0,0,0,0,0,0,0,0,0,0,0,0,0,0,0,0,0,0,0,0,0,0,0,0,0,0,0,0,0,0,0,0,0,0,0,0,0,0,0,0,0,0,0,0,0,0,0,0,0,0,2399,119,190,0,0,0,3,1,0,1,0,0,0,0,2,0,201,17,0,0,0,0,110,48,46,0,0,0,2,0,620,993,0,0,2,0,8,38,43,29,1845,2640,0,0,1,5,6,0,0,0,0,0,6,5,0,0,1,2,1,0,0,1,5,8,1,5,74,1,2
0,0,0,0,0,0,0,0,0,0,0,0,0,0,0,0,0,0,0,0,0,0,0,0,0,0,0,0,0,0,0,0,0,0,0,0,0,0,0,0,0,0,0,0,0,0,0,0,0,0,0,0,0,0,0,0,0,0,0,0,0,0,0,0,0,0,0,0,0,0,0,0,0,0,0,0,0,0,0,0,0,0,0,0,0,0,0,0,0,0,0,0,0,0,0,0,0,17197,229,2,1,0,5,0,0,103,1,0,0,19,3,0,26,54,0,0,0,0,2696,29,10560,2,0,0,36,2,14,1962,6,4,6,0,5,8,10,7,12,5436,0,0,0,214,26,1,1,0,0,7,54,57,2,4,4,16,0,9,0,4,100,55,17,13,555,17,5
0,0,0,0,0,0,0,0,0,0,0,0,0,0,0,0,0,0,0,0,0,0,0,0,0,0,0,0,0,0,0,0,0,0,0,0,0,0,0,0,0,0,0,0,0,0,0,0,0,0,0,0,0,0,0,0,0,0,0,0,0,0,0,0,0,0,0,0,0,0,0,0,0,0,0,0,0,0,0,0,0,0,0,0,0,0,0,0,0,0,0,0,0,0,0,0,0,0,2219,272,6,3,4,2,11,17,61,81,0,35,552,0,133,38,1,0,8,0,11,1903,483,12,1,7,213,16,480,13,0,7,5,0,9,4,5,8,47,2865,2,328,20,71,42,10,2,10,4,1,68,17,0,3,6,7,2,3,0,3,72,215,124,51,2635,554,130
0,0,0,0,0,0,0,0,0,0,0,0,0,0,0,0,0,0,0,0,0,0,0,0,0,0,0,0,0,0,0,0,0,0,0,0,0,0,0,0,0,0,0,0,0,0,0,0,0,0,0,0,0,0,0,0,0,0,0,0,0,0,0,0,0,0,0,0,0,0,0,0,0,0,0,0,0,0,0,0,0,0,0,0,0,0,0,0,0,0,0,0,0,0,0,0,0,0,0,3199,36,54,6,5,34,1,325,307,2,16,64,27,27,116,305,58,181,0,0,314,2,21,0,3651,81,331,0,1,280,36,14,7,23,0,4,1,2,0,560,1706,6663,0,36,9,19,4,88,0,61,85,1,4,65,11,3,0,0,7,98,1352,439,80,4,0,285
0,0,0,0,0,0,0,0,0,0,0,0,0,0,0,0,0,0,0,0,0,0,0,0,0,0,0,0,0,0,0,0,0,0,0,0,0,0,0,0,0,0,0,0,0,0,0,0,0,0,0,0,0,0,0,0,0,0,0,0,0,0,0,0,0,0,0,0,0,0,0,0,0,0,0,0,0,0,0,0,0,0,0,0,0,0,0,0,0,0,0,0,0,0,0,0,0,0,0,0,1830,533,111,25,91,151,0,0,0,110,1,293,36,345,21,3,191,0,0,3,19,86,1,42,32,100,5,0,225,40,55,681,3563,13,81,78,7,1,37,1,15,105,53,47,67,59,0,17,144,7596,39,17,2,4,2,1,1,0,77,18,26,11,28,5,1
0,0,0,0,0,0,0,0,0,0,0,0,0,0,0,0,0,0,0,0,0,0,0,0,0,0,0,0,0,0,0,0,0,0,0,0,0,0,0,0,0,0,0,0,0,0,0,0,0,0,0,0,0,0,0,0,0,0,0,0,0,0,0,0,0,0,0,0,0,0,0,0,0,0,0,0,0,0,0,0,0,0,0,0,0,0,0,0,0,0,0,0,0,0,0,0,0,0,0,0,0,5330,224,191,183,27,0,0,26,109,0,558,0,16,16,2,2847,0,0,4,1,263,26,25,71,134,0,0,42,22,8,819,1182,0,1,0,1,1,18,0,10,6,13,1500,75,4,0,1,1,573,23,4,0,5,0,0,0,1,94,221,78,27,5,5,2
0,0,0,0,0,0,0,0,0,0,0,0,0,0,0,0,0,0,0,0,0,0,0,0,0,0,0,0,0,0,0,0,0,0,0,0,0,0,0,0,0,0,0,0,0,0,0,0,0,0,0,0,0,0,0,0,0,0,0,0,0,0,0,0,0,0,0,0,0,0,0,0,0,0,0,0,0,0,0,0,0,0,0,0,0,0,0,0,0,0,0,0,0,0,0,0,0,0,0,0,0,0,5027,165,245,2245,1,1,56,95,2,114,28,46,0,0,239,0,2,5,38,276,107,1,116,7,3,16,48,9,56,116,4255,36,450,7,8,10,5,4,0,477,60,2635,45,206,1,22,30,151,27,23,4,11,3,17,1,0,542,179,143,82,33,8,3
0,0,0,0,0,0,0,0,0,0,0,0,0,0,0,0,0,0,0,0,0,0,0,0,0,0,0,0,0,0,0,0,0,0,0,0,0,0,0,0,0,0,0,0,0,0,0,0,0,0,0,0,0,0,0,0,0,0,0,0,0,0,0,0,0,0,0,0,0,0,0,0,0,0,0,0,0,0,0,0,0,0,0,0,0,0,0,0,0,0,0,0,0,0,0,0,0,0,0,0,0,0,0,1852,371,15,0,2,5,3,0,2,7,6,1,0,108,0,2,5,1,5787,20,10,68,13,1,0,11,1,5,0,131,12,1,10,0,4,1,4,0,0,6,4026,24,54,1,1,2,26,0,3,1,1,0,0,0,0,82,286,218,63,3,9,11
0,0,0,0,0,0,0,0,0,0,0,0,0,0,0,0,0,0,0,0,0,0,0,0,0,0,0,0,0,0,0,0,0,0,0,0,0,0,0,0,0,0,0,0,0,0,0,0,0,0,0,0,0,0,0,0,0,0,0,0,0,0,0,0,0,0,0,0,0,0,0,0,0,0,0,0,0,0,0,0,0,0,0,0,0,0,0,0,0,0,0,0,0,0,0,0,0,0,0,0,0,0,0,0,4153,11,1,5,3,1,0,3,5,13,5,2,39,0,0,1,0,9728,30,46,33,70,1,2,286,10,266,3,191,5,12,11,1,1,4,9,6,1,12,518,2440,4098,0,0,12,85,0,7,11,2,4,0,0,0,875,1811,439,264,15,13,22
0,0,0,0,0,0,0,0,0,0,0,0,0,0,0,0,0,0,0,0,0,0,0,0,0,0,0,0,0,0,0,0,0,0,0,0,0,0,0,0,0,0,0,0,0,0,0,0,0,0,0,0,0,0,0,0,0,0,0,0,0,0,0,0,0,0,0,0,0,0,0,0,0,0,0,0,0,0,0,0,0,0,0,0,0,0,0,0,0,0,0,0,0,0,0,0,0,0,0,0,0,0,0,0,0,6351,1,0,28,95,1,83,16,86,0,1,80,0,2,7,356,15,1748,1,81,2,5,4,4,28,45,13,112,13,48,8,5,11,1,1,1,3145,461,26,2,12,1,5612,35,257,21,60,3,9,5,16,0,1,350,106,85,67,73,11,5
0,0,0,0,0,0,0,0,0,0,0,0,0,0,0,0,0,0,0,0,0,0,0,0,0,0,0,0,0,0,0,0,0,0,0,0,0,0,0,0,0,0,0,0,0,0,0,0,0,0,0,0,0,0,0,0,0,0,0,0,0,0,0,0,0,0,0,0,0,0,0,0,0,0,0,0,0,0,0,0,0,0,0,0,0,0,0,0,0,0,0,0,0,0,0,0,0,0,0,0,0,0,0,0,0,0,724,1011,0,0,3,0,1,2,0,0,0,0,0,10,0,3,1,15,8,1,0,0,0,0,4,0,0,0,0,0,0,0,0,1495,75,1,151,1,0,1,1409,1,1,0,0,4,94,1,0,0,0,3,26,325,243,5,4,15,178
0,0,0,0,0,0,0,0,0,0,0,0,0,0,0,0,0,0,0,0,0,0,0,0,0,0,0,0,0,0,0,0,0,0,0,0,0,0,0,0,0,0,0,0,0,0,0,0,0,0,0,0,0,0,0,0,0,0,0,0,0,0,0,0,0,0,0,0,0,0,0,0,0,0,0,0,0,0,0,0,0,0,0,0,0,0,0,0,0,0,0,0,0,0,0,0,0,0,0,0,0,0,0,0,0,0,0,509,0,0,0,1,0,3,0,0,5,0,0,12,2,1,0,19,3,2,0,1,0,0,2,0,2,0,0,0,0,1,1,952,6,1,271,3,0,1,171,4,2,2,0,6,29,3,0,0,0,9,43,175,479,7,4,16,532
0,0,0,0,0,0,0,0,0,0,0,0,0,0,0,0,0,0,0,0,0,0,0,0,0,0,0,0,0,0,0,0,0,0,0,0,0,0,0,0,0,0,0,0,0,0,0,0,0,0,0,0,0,0,0,0,0,0,0,0,0,0,0,0,0,0,0,0,0,0,0,0,0,0,0,0,0,0,0,0,0,0,0,0,0,0,0,0,0,0,0,0,0,0,0,0,0,0,0,0,0,0,0,0,0,0,0,0,1787,1425,137,216,0,1,0,0,858,0,1,0,0,5,9,1,1029,3,0,0,0,0,0,1,14,0,0,0,0,0,0,0,1,1,6,27,0,0,0,1,0,34,988,1,0,0,0,0,0,0,22,9,5,1,0,0,0
0,0,0,0,0,0,0,0,0,0,0,0,0,0,0,0,0,0,0,0,0,0,0,0,0,0,0,0,0,0,0,0,0,0,0,0,0,0,0,0,0,0,0,0,0,0,0,0,0,0,0,0,0,0,0,0,0,0,0,0,0,0,0,0,0,0,0,0,0,0,0,0,0,0,0,0,0,0,0,0,0,0,0,0,0,0,0,0,0,0,0,0,0,0,0,0,0,0,0,0,0,0,0,0,0,0,0,0,0,2825,837,1017,4,167,4,0,674,0,17,45,18,0,10,23,1928,41,0,9,2,7,1,23,109,27,32,12,1,0,3,2,2,50,38,25,0,1,0,4,14,5446,846,3,0,1,2,0,0,0,62,19,7,9,21,7,2
0,0,0,0,0,0,0,0,0,0,0,0,0,0,0,0,0,0,0,0,0,0,0,0,0,0,0,0,0,0,0,0,0,0,0,0,0,0,0,0,0,0,0,0,0,0,0,0,0,0,0,0,0,0,0,0,0,0,0,0,0,0,0,0,0,0,0,0,0,0,0,0,0,0,0,0,0,0,0,0,0,0,0,0,0,0,0,0,0,0,0,0,0,0,0,0,0,0,0,0,0,0,0,0,0,0,0,0,0,0,448,34,3,6,3,0,3,0,3,1270,1,1,0,46,876,5,0,0,0,3,2,0,2,5,1,2,1,8,4,71,10,4,3,1,1,0,0,0,2,148,27,0,0,1,0,0,0,0,14,15,10,4,16,128,2
0,0,0,0,0,0,0,0,0,0,0,0,0,0,0,0,0,0,0,0,0,0,0,0,0,0,0,0,0,0,0,0,0,0,0,0,0,0,0,0,0,0,0,0,0,0,0,0,0,0,0,0,0,0,0,0,0,0,0,0,0,0,0,0,0,0,0,0,0,0,0,0,0,0,0,0,0,0,0,0,0,0,0,0,0,0,0,0,0,0,0,0,0,0,0,0,0,0,0,0,0,0,0,0,0,0,0,0,0,0,0,545,1,7,7,0,2154,0,3,0,1,2,17,14,75,53,0,0,6,7,1,72,122,2,3,1,1,0,3,0,3,9,24,30,1,1,0,3,0,1004,595,4,0,0,0,0,0,0,7,9,8,1,1,0,0
0,0,0,0,0,0,0,0,0,0,0,0,0,0,0,0,0,0,0,0,0,0,0,0,0,0,0,0,0,0,0,0,0,0,0,0,0,0,0,0,0,0,0,0,0,0,0,0,0,0,0,0,0,0,0,0,0,0,0,0,0,0,0,0,0,0,0,0,0,0,0,0,0,0,0,0,0,0,0,0,0,0,0,0,0,0,0,0,0,0,0,0,0,0,0,0,0,0,0,0,0,0,0,0,0,0,0,0,0,0,0,0,1409,542,5,0,0,0,135,271,43,4,0,6,3,7,773,51,31,46,35,0,54,119,117,1057,1670,141,7,5,9,67,40,3,7,3,1,0,4031,275,0,5,0,11,0,3,0,1,36,25,11,9,347,8,21
0,0,0,0,0,0,0,0,0,0,0,0,0,0,0,0,0,0,0,0,0,0,0,0,0,0,0,0,0,0,0,0,0,0,0,0,0,0,0,0,0,0,0,0,0,0,0,0,0,0,0,0,0,0,0,0,0,0,0,0,0,0,0,0,0,0,0,0,0,0,0,0,0,0,0,0,0,0,0,0,0,0,0,0,0,0,0,0,0,0,0,0,0,0,0,0,0,0,0,0,0,0,0,0,0,0,0,0,0,0,0,0,0,3564,43,9,20,0,52,713,41,8,1,94,339,72,24,18,175,153,36,14,133,33,34,197,27,26,19,10,30,86,62,6,16,3,1,2,2676,9839,1,1,4,9,5,0,0,0,347,131,51,31,444,49,16
0,0,0,0,0,0,0,0,0,0,0,0,0,0,0,0,0,0,0,0,0,0,0,0,0,0,0,0,0,0,0,0,0,0,0,0,0,0,0,0,0,0,0,0,0,0,0,0,0,0,0,0,0,0,0,0,0,0,0,0,0,0,0,0,0,0,0,0,0,0,0,0,0,0,0,0,0,0,0,0,0,0,0,0,0,0,0,0,0,0,0,0,0,0,0,0,0,0,0,0,0,0,0,0,0,0,0,0,0,0,0,0,0,0,282,57,35,0,0,8,0,1,0,576,16,422,0,0,6,2,2,2,7,0,0,1,0,0,4,0,86,0,3,4,1,0,0,0,19,38,1,2,4,0,2,0,0,0,32,259,46,50,0,0,2
0,0,0,0,0,0,0,0,0,0,0,0,0,0,0,0,0,0,0,0,0,0,0,0,0,0,0,0,0,0,0,0,0,0,0,0,0,0,0,0,0,0,0,0,0,0,0,0,0,0,0,0,0,0,0,0,0,0,0,0,0,0,0,0,0,0,0,0,0,0,0,0,0,0,0,0,0,0,0,0,0,0,0,0,0,0,0,0,0,0,0,0,0,0,0,0,0,0,0,0,0,0,0,0,0,0,0,0,0,0,0,0,0,0,0,42,2,0,0,2,0,1,0,48,6,455,0,0,20,22,16,1,2,0,1,1,0,0,11,0,15,0,5,1,7,1,0,0,2,1,0,2,10,1,2,0,0,0,4,235,9,19,0,0,1
0,0,0,0,0,0,0,0,0,0,0,0,0,0,0,0,0,0,0,0,0,0,0,0,0,0,0,0,0,0,0,0,0,0,0,0,0,0,0,0,0,0,0,0,0,0,0,0,0,0,0,0,0,0,0,0,0,0,0,0,0,0,0,0,0,0,0,0,0,0,0,0,0,0,0,0,0,0,0,0,0,0,0,0,0,0,0,0,0,0,0,0,0,0,0,0,0,0,0,0,0,0,0,0,0,0,0,0,0,0,0,0,0,0,0,0,4299,0,0,6,0,74,29,91,1702,843,0,0,19,13,2,73,92,0,1,1,0,0,16,2,23,0,13,244,8,3,0,1,3,143,323,6,0,2,0,0,0,0,64,78,297,28,1,4,4
0,0,0,0,0,0,0,0,0,0,0,0,0,0,0,0,0,0,0,0,0,0,0,0,0,0,0,0,0,0,0,0,0,0,0,0,0,0,0,0,0,0,0,0,0,0,0,0,0,0,0,0,0,0,0,0,0,0,0,0,0,0,0,0,0,0,0,0,0,0,0,0,0,0,0,0,0,0,0,0,0,0,0,0,0,0,0,0,0,0,0,0,0,0,0,0,0,0,0,0,0,0,0,0,0,0,0,0,0,0,0,0,0,0,0,0,0,0,0,0,0,0,0,0,0,0,0,0,0,0,0,0,0,0,0,0,0,0,0,0,0,0,0,0,0,0,0,0,0,0,0,0,0,0,0,0,0,0,0,0,0,0,0,0,0
0,0,0,0,0,0,0,0,0,0,0,0,0,0,0,0,0,0,0,0,0,0,0,0,0,0,0,0,0,0,0,0,0,0,0,0,0,0,0,0,0,0,0,0,0,0,0,0,0,0,0,0,0,0,0,0,0,0,0,0,0,0,0,0,0,0,0,0,0,0,0,0,0,0,0,0,0,0,0,0,0,0,0,0,0,0,0,0,0,0,0,0,0,0,0,0,0,0,0,0,0,0,0,0,0,0,0,0,0,0,0,0,0,0,0,0,0,0,12884,20,1930,0,0,1,69,1,2,3191,2,1,1,0,0,3037,287,165,117,187,0,1,0,65,34,0,0,0,0,0,78,130,1,5,1,2,1,8,0,0,175,22,21,11,143,8,1
0,0,0,0,0,0,0,0,0,0,0,0,0,0,0,0,0,0,0,0,0,0,0,0,0,0,0,0,0,0,0,0,0,0,0,0,0,0,0,0,0,0,0,0,0,0,0,0,0,0,0,0,0,0,0,0,0,0,0,0,0,0,0,0,0,0,0,0,0,0,0,0,0,0,0,0,0,0,0,0,0,0,0,0,0,0,0,0,0,0,0,0,0,0,0,0,0,0,0,0,0,0,0,0,0,0,0,0,0,0,0,0,0,0,0,0,0,0,0,1813,10,5,1,89,497,16,367,10,2,10,5,0,10,2,8,1,22,423,4,49,44,16,19,2,1,2,2,1,860,416,0,1,2,17,0,1,0,0,183,101,33,19,304,1723,24
0,0,0,0,0,0,0,0,0,0,0,0,0,0,0,0,0,0,0,0,0,0,0,0,0,0,0,0,0,0,0,0,0,0,0,0,0,0,0,0,0,0,0,0,0,0,0,0,0,0,0,0,0,0,0,0,0,0,0,0,0,0,0,0,0,0,0,0,0,0,0,0,0,0,0,0,0,0,0,0,0,0,0,0,0,0,0,0,0,0,0,0,0,0,0,0,0,0,0,0,0,0,0,0,0,0,0,0,0,0,0,0,0,0,0,0,0,0,0,0,5548,1,0,0,50,2,4,375,1,4,8,0,69,21,40,11,11,560,0,0,0,5140,284,0,0,2,0,36,39,61,1,27,1,8,1,53,0,0,225,23,21,13,973,14,1
0,0,0,0,0,0,0,0,0,0,0,0,0,0,0,0,0,0,0,0,0,0,0,0,0,0,0,0,0,0,0,0,0,0,0,0,0,0,0,0,0,0,0,0,0,0,0,0,0,0,0,0,0,0,0,0,0,0,0,0,0,0,0,0,0,0,0,0,0,0,0,0,0,0,0,0,0,0,0,0,0,0,0,0,0,0,0,0,0,0,0,0,0,0,0,0,0,0,0,0,0,0,0,0,0,0,0,0,0,0,0,0,0,0,0,0,0,0,0,0,0,6055,50,15,86,33,0,0,61,9,18,3,126,15,1,21,2,4,5,13,9,2,9,663,211,137,1,1,17,59,1,4,1,2,1,0,0,0,393,901,488,173,9,6,21
0,0,0,0,0,0,0,0,0,0,0,0,0,0,0,0,0,0,0,0,0,0,0,0,0,0,0,0,0,0,0,0,0,0,0,0,0,0,0,0,0,0,0,0,0,0,0,0,0,0,0,0,0,0,0,0,0,0,0,0,0,0,0,0,0,0,0,0,0,0,0,0,0,0,0,0,0,0,0,0,0,0,0,0,0,0,0,0,0,0,0,0,0,0,0,0,0,0,0,0,0,0,0,0,0,0,0,0,0,0,0,0,0,0,0,0,0,0,0,0,0,0,3395,1,12,0,0,0,2,18,13,1,0,0,0,0,0,0,0,1,1,3,429,19,2,0,0,176,0,12,4,14,2,0,0,0,0,0,100,55,13,19,0,1,2
0,0,0,0,0,0,0,0,0,0,0,0,0,0,0,0,0,0,0,0,0,0,0,0,0,0,0,0,0,0,0,0,0,0,0,0,0,0,0,0,0,0,0,0,0,0,0,0,0,0,0,0,0,0,0,0,0,0,0,0,0,0,0,0,0,0,0,0,0,0,0,0,0,0,0,0,0,0,0,0,0,0,0,0,0,0,0,0,0,0,0,0,0,0,0,0,0,0,0,0,0,0,0,0,0,0,0,0,0,0,0,0,0,0,0,0,0,0,0,0,0,0,0,623,138,893,1,0,13,54,17,5,10,0,0,1,0,0,44,303,525,0,13,5,3,5,3,0,40,57,1,1,5,0,0,0,0,0,21,137,206,18,2,0,45
0,0,0,0,0,0,0,0,0,0,0,0,0,0,0,0,0,0,0,0,0,0,0,0,0,0,0,0,0,0,0,0,0,0,0,0,0,0,0,0,0,0,0,0,0,0,0,0,0,0,0,0,0,0,0,0,0,0,0,0,0,0,0,0,0,0,0,0,0,0,0,0,0,0,0,0,0,0,0,0,0,0,0,0,0,0,0,0,0,0,0,0,0,0,0,0,0,0,0,0,0,0,0,0,0,0,0,0,0,0,0,0,0,0,0,0,0,0,0,0,0,0,0,0,2216,451,0,14,25,51,16,2,79,30,29,14,1,1,8,35,18,45,54,90,2,17,4,7,9,486,44,5,0,2,1,1,0,2,203,332,491,64,69,24,25
0,0,0,0,0,0,0,0,0,0,0,0,0,0,0,0,0,0,0,0,0,0,0,0,0,0,0,0,0,0,0,0,0,0,0,0,0,0,0,0,0,0,0,0,0,0,0,0,0,0,0,0,0,0,0,0,0,0,0,0,0,0,0,0,0,0,0,0,0,0,0,0,0,0,0,0,0,0,0,0,0,0,0,0,0,0,0,0,0,0,0,0,0,0,0,0,0,0,0,0,0,0,0,0,0,0,0,0,0,0,0,0,0,0,0,0,0,0,0,0,0,0,0,0,0,2361,1,1,17,52,117,33,22,3,0,2,0,1,6,3,22,0,47,19,71,28,0,1,18,70,1,1,12,1,1,0,0,1,96,454,176,110,0,0,4
0,0,0,0,0,0,0,0,0,0,0,0,0,0,0,0,0,0,0,0,0,0,0,0,0,0,0,0,0,0,0,0,0,0,0,0,0,0,0,0,0,0,0,0,0,0,0,0,0,0,0,0,0,0,0,0,0,0,0,0,0,0,0,0,0,0,0,0,0,0,0,0,0,0,0,0,0,0,0,0,0,0,0,0,0,0,0,0,0,0,0,0,0,0,0,0,0,0,0,0,0,0,0,0,0,0,0,0,0,0,0,0,0,0,0,0,0,0,0,0,0,0,0,0,0,0,973,9,2,2,6,0,4,8,4,10,683,321,0,0,0,14,9,0,2,0,0,0,101,8,0,0,0,1,1,0,0,0,6,1,0,2,205,4,0
0,0,0,0,0,0,0,0,0,0,0,0,0,0,0,0,0,0,0,0,0,0,0,0,0,0,0,0,0,0,0,0,0,0,0,0,0,0,0,0,0,0,0,0,0,0,0,0,0,0,0,0,0,0,0,0,0,0,0,0,0,0,0,0,0,0,0,0,0,0,0,0,0,0,0,0,0,0,0,0,0,0,0,0,0,0,0,0,0,0,0,0,0,0,0,0,0,0,0,0,0,0,0,0,0,0,0,0,0,0,0,0,0,0,0,0,0,0,0,0,0,0,0,0,0,0,0,763,1,3,2,0,7,63,34,11,483,1601,0,1,0,60,7,1,0,2,0,0,10,23,0,2,1,2,0,3,0,0,18,8,10,5,17,2,0
0,0,0,0,0,0,0,0,0,0,0,0,0,0,0,0,0,0,0,0,0,0,0,0,0,0,0,0,0,0,0,0,0,0,0,0,0,0,0,0,0,0,0,0,0,0,0,0,0,0,0,0,0,0,0,0,0,0,0,0,0,0,0,0,0,0,0,0,0,0,0,0,0,0,0,0,0,0,0,0,0,0,0,0,0,0,0,0,0,0,0,0,0,0,0,0,0,0,0,0,0,0,0,0,0,0,0,0,0,0,0,0,0,0,0,0,0,0,0,0,0,0,0,0,0,0,0,0,4971,382,176,23,151,3,3,48,5,2,815,2,26,3,122,35,2986,96,0,5,123,336,2,13,54,2,13,0,0,0,143,934,76,53,9,0,2
0,0,0,0,0,0,0,0,0,0,0,0,0,0,0,0,0,0,0,0,0,0,0,0,0,0,0,0,0,0,0,0,0,0,0,0,0,0,0,0,0,0,0,0,0,0,0,0,0,0,0,0,0,0,0,0,0,0,0,0,0,0,0,0,0,0,0,0,0,0,0,0,0,0,0,0,0,0,0,0,0,0,0,0,0,0,0,0,0,0,0,0,0,0,0,0,0,0,0,0,0,0,0,0,0,0,0,0,0,0,0,0,0,0,0,0,0,0,0,0,0,0,0,0,0,0,0,0,0,5120,1778,9,8,26,14,31,5,1,105,4,6,5,239,2,16,13,0,4,116,82,2,23,41,4,12,0,0,0,109,632,139,81,6,0,4
0,0,0,0,0,0,0,0,0,0,0,0,0,0,0,0,0,0,0,0,0,0,0,0,0,0,0,0,0,0,0,0,0,0,0,0,0,0,0,0,0,0,0,0,0,0,0,0,0,0,0,0,0,0,0,0,0,0,0,0,0,0,0,0,0,0,0,0,0,0,0,0,0,0,0,0,0,0,0,0,0,0,0,0,0,0,0,0,0,0,0,0,0,0,0,0,0,0,0,0,0,0,0,0,0,0,0,0,0,0,0,0,0,0,0,0,0,0,0,0,0,0,0,0,0,0,0,0,0,0,6765,9,87,82,74,50,8,1,8,5,3,17,71,14,157,2164,0,1,47,66,0,9,31,11,5,1,0,0,262,824,143,287,1,0,3
0,0,0,0,0,0,0,0,0,0,0,0,0,0,0,0,0,0,0,0,0,0,0,0,0,0,0,0,0,0,0,0,0,0,0,0,0,0,0,0,0,0,0,0,0,0,0,0,0,0,0,0,0,0,0,0,0,0,0,0,0,0,0,0,0,0,0,0,0,0,0,0,0,0,0,0,0,0,0,0,0,0,0,0,0,0,0,0,0,0,0,0,0,0,0,0,0,0,0,0,0,0,0,0,0,0,0,0,0,0,0,0,0,0,0,0,0,0,0,0,0,0,0,0,0,0,0,0,0,0,0,61,953,0,0,0,0,0,5,0,5,0,0,13,22,1,0,1,6,158,1,6,0,0,0,0,0,0,7,2,2,0,1,0,2
0,0,0,0,0,0,0,0,0,0,0,0,0,0,0,0,0,0,0,0,0,0,0,0,0,0,0,0,0,0,0,0,0,0,0,0,0,0,0,0,0,0,0,0,0,0,0,0,0,0,0,0,0,0,0,0,0,0,0,0,0,0,0,0,0,0,0,0,0,0,0,0,0,0,0,0,0,0,0,0,0,0,0,0,0,0,0,0,0,0,0,0,0,0,0,0,0,0,0,0,0,0,0,0,0,0,0,0,0,0,0,0,0,0,0,0,0,0,0,0,0,0,0,0,0,0,0,0,0,0,0,0,6845,181,3013,64,16,5,30,1,2,238,76,653,71,43,0,66,85,617,7,49,2,12,1,18,0,0,280,59,76,26,90,8,4
0,0,0,0,0,0,0,0,0,0,0,0,0,0,0,0,0,0,0,0,0,0,0,0,0,0,0,0,0,0,0,0,0,0,0,0,0,0,0,0,0,0,0,0,0,0,0,0,0,0,0,0,0,0,0,0,0,0,0,0,0,0,0,0,0,0,0,0,0,0,0,0,0,0,0,0,0,0,0,0,0,0,0,0,0,0,0,0,0,0,0,0,0,0,0,0,0,0,0,0,0,0,0,0,0,0,0,0,0,0,0,0,0,0,0,0,0,0,0,0,0,0,0,0,0,0,0,0,0,0,0,0,0,1293,649,569,70,42,0,0,0,36,28,5,10,16,0,0,58,120,0,0,0,0,0,2,0,0,51,11,26,10,32,3,1
0,0,0,0,0,0,0,0,0,0,0,0,0,0,0,0,0,0,0,0,0,0,0,0,0,0,0,0,0,0,0,0,0,0,0,0,0,0,0,0,0,0,0,0,0,0,0,0,0,0,0,0,0,0,0,0,0,0,0,0,0,0,0,0,0,0,0,0,0,0,0,0,0,0,0,0,0,0,0,0,0,0,0,0,0,0,0,0,0,0,0,0,0,0,0,0,0,0,0,0,0,0,0,0,0,0,0,0,0,0,0,0,0,0,0,0,0,0,0,0,0,0,0,0,0,0,0,0,0,0,0,0,0,0,2952,94,59,44,0,0,0,147,16,3,3,4,0,0,47,69,1,0,0,2,0,2,0,0,57,15,18,26,23,3,1
0,0,0,0,0,0,0,0,0,0,0,0,0,0,0,0,0,0,0,0,0,0,0,0,0,0,0,0,0,0,0,0,0,0,0,0,0,0,0,0,0,0,0,0,0,0,0,0,0,0,0,0,0,0,0,0,0,0,0,0,0,0,0,0,0,0,0,0,0,0,0,0,0,0,0,0,0,0,0,0,0,0,0,0,0,0,0,0,0,0,0,0,0,0,0,0,0,0,0,0,0,0,0,0,0,0,0,0,0,0,0,0,0,0,0,0,0,0,0,0,0,0,0,0,0,0,0,0,0,0,0,0,0,0,0,684,147,3,3,0,1,20,19,0,37,7,0,0,580,943,1,3,0,2,1,0,0,0,9,6,2,4,2,2,0
0,0,0,0,0,0,0,0,0,0,0,0,0,0,0,0,0,0,0,0,0,0,0,0,0,0,0,0,0,0,0,0,0,0,0,0,0,0,0,0,0,0,0,0,0,0,0,0,0,0,0,0,0,0,0,0,0,0,0,0,0,0,0,0,0,0,0,0,0,0,0,0,0,0,0,0,0,0,0,0,0,0,0,0,0,0,0,0,0,0,0,0,0,0,0,0,0,0,0,0,0,0,0,0,0,0,0,0,0,0,0,0,0,0,0,0,0,0,0,0,0,0,0,0,0,0,0,0,0,0,0,0,0,0,0,0,1152,382,0,0,0,16,8,0,5,2,0,0,380,21,0,1,0,1,1,1,0,1,2,3,2,2,4,1,3
0,0,0,0,0,0,0,0,0,0,0,0,0,0,0,0,0,0,0,0,0,0,0,0,0,0,0,0,0,0,0,0,0,0,0,0,0,0,0,0,0,0,0,0,0,0,0,0,0,0,0,0,0,0,0,0,0,0,0,0,0,0,0,0,0,0,0,0,0,0,0,0,0,0,0,0,0,0,0,0,0,0,0,0,0,0,0,0,0,0,0,0,0,0,0,0,0,0,0,0,0,0,0,0,0,0,0,0,0,0,0,0,0,0,0,0,0,0,0,0,0,0,0,0,0,0,0,0,0,0,0,0,0,0,0,0,0,4904,1,1,0,32,15,0,0,2,0,0,29,3,0,1,2,11,1,6,0,1,12,29,4,5,1555,32,6
0,0,0,0,0,0,0,0,0,0,0,0,0,0,0,0,0,0,0,0,0,0,0,0,0,0,0,0,0,0,0,0,0,0,0,0,0,0,0,0,0,0,0,0,0,0,0,0,0,0,0,0,0,0,0,0,0,0,0,0,0,0,0,0,0,0,0,0,0,0,0,0,0,0,0,0,0,0,0,0,0,0,0,0,0,0,0,0,0,0,0,0,0,0,0,0,0,0,0,0,0,0,0,0,0,0,0,0,0,0,0,0,0,0,0,0,0,0,0,0,0,0,0,0,0,0,0,0,0,0,0,0,0,0,0,0,0,0,147,2,101,0,36,1,11,1,0,3,13,75,0,0,5,0,0,0,0,0,40,318,39,15,1,0,1
0,0,0,0,0,0,0,0,0,0,0,0,0,0,0,0,0,0,0,0,0,0,0,0,0,0,0,0,0,0,0,0,0,0,0,0,0,0,0,0,0,0,0,0,0,0,0,0,0,0,0,0,0,0,0,0,0,0,0,0,0,0,0,0,0,0,0,0,0,0,0,0,0,0,0,0,0,0,0,0,0,0,0,0,0,0,0,0,0,0,0,0,0,0,0,0,0,0,0,0,0,0,0,0,0,0,0,0,0,0,0,0,0,0,0,0,0,0,0,0,0,0,0,0,0,0,0,0,0,0,0,0,0,0,0,0,0,0,0,588,182,1,185,5,3,2,333,0,6,12,0,5,77,10,1,1,0,15,81,338,464,6,5,12,665
0,0,0,0,0,0,0,0,0,0,0,0,0,0,0,0,0,0,0,0,0,0,0,0,0,0,0,0,0,0,0,0,0,0,0,0,0,0,0,0,0,0,0,0,0,0,0,0,0,0,0,0,0,0,0,0,0,0,0,0,0,0,0,0,0,0,0,0,0,0,0,0,0,0,0,0,0,0,0,0,0,0,0,0,0,0,0,0,0,0,0,0,0,0,0,0,0,0,0,0,0,0,0,0,0,0,0,0,0,0,0,0,0,0,0,0,0,0,0,0,0,0,0,0,0,0,0,0,0,0,0,0,0,0,0,0,0,0,0,0,5083,0,18,2,0,1,15,0,19,13,0,5,9,3,1,0,0,9,60,623,358,103,0,0,76
0,0,0,0,0,0,0,0,0,0,0,0,0,0,0,0,0,0,0,0,0,0,0,0,0,0,0,0,0,0,0,0,0,0,0,0,0,0,0,0,0,0,0,0,0,0,0,0,0,0,0,0,0,0,0,0,0,0,0,0,0,0,0,0,0,0,0,0,0,0,0,0,0,0,0,0,0,0,0,0,0,0,0,0,0,0,0,0,0,0,0,0,0,0,0,0,0,0,0,0,0,0,0,0,0,0,0,0,0,0,0,0,0,0,0,0,0,0,0,0,0,0,0,0,0,0,0,0,0,0,0,0,0,0,0,0,0,0,0,0,0,6356,516,0,3,5,0,18,75,116,1,15,0,4,2,40,0,0,122,21,41,12,182,11,1
0,0,0,0,0,0,0,0,0,0,0,0,0,0,0,0,0,0,0,0,0,0,0,0,0,0,0,0,0,0,0,0,0,0,0,0,0,0,0,0,0,0,0,0,0,0,0,0,0,0,0,0,0,0,0,0,0,0,0,0,0,0,0,0,0,0,0,0,0,0,0,0,0,0,0,0,0,0,0,0,0,0,0,0,0,0,0,0,0,0,0,0,0,0,0,0,0,0,0,0,0,0,0,0,0,0,0,0,0,0,0,0,0,0,0,0,0,0,0,0,0,0,0,0,0,0,0,0,0,0,0,0,0,0,0,0,0,0,0,0,0,0,1479,7,11,4,188,209,46,66,6,64,65,33,41,16,0,3,622,448,170,318,201,2,382
0,0,0,0,0,0,0,0,0,0,0,0,0,0,0,0,0,0,0,0,0,0,0,0,0,0,0,0,0,0,0,0,0,0,0,0,0,0,0,0,0,0,0,0,0,0,0,0,0,0,0,0,0,0,0,0,0,0,0,0,0,0,0,0,0,0,0,0,0,0,0,0,0,0,0,0,0,0,0,0,0,0,0,0,0,0,0,0,0,0,0,0,0,0,0,0,0,0,0,0,0,0,0,0,0,0,0,0,0,0,0,0,0,0,0,0,0,0,0,0,0,0,0,0,0,0,0,0,0,0,0,0,0,0,0,0,0,0,0,0,0,0,0,4877,70,146,0,0,7,24,4,4,0,2,0,1,0,1,220,241,198,118,8,12,10
0,0,0,0,0,0,0,0,0,0,0,0,0,0,0,0,0,0,0,0,0,0,0,0,0,0,0,0,0,0,0,0,0,0,0,0,0,0,0,0,0,0,0,0,0,0,0,0,0,0,0,0,0,0,0,0,0,0,0,0,0,0,0,0,0,0,0,0,0,0,0,0,0,0,0,0,0,0,0,0,0,0,0,0,0,0,0,0,0,0,0,0,0,0,0,0,0,0,0,0,0,0,0,0,0,0,0,0,0,0,0,0,0,0,0,0,0,0,0,0,0,0,0,0,0,0,0,0,0,0,0,0,0,0,0,0,0,0,0,0,0,0,0,0,5387,385,0,0,58,95,0,1,49,1,1,0,0,0,64,1450,34,37,2,0,5
0,0,0,0,0,0,0,0,0,0,0,0,0,0,0,0,0,0,0,0,0,0,0,0,0,0,0,0,0,0,0,0,0,0,0,0,0,0,0,0,0,0,0,0,0,0,0,0,0,0,0,0,0,0,0,0,0,0,0,0,0,0,0,0,0,0,0,0,0,0,0,0,0,0,0,0,0,0,0,0,0,0,0,0,0,0,0,0,0,0,0,0,0,0,0,0,0,0,0,0,0,0,0,0,0,0,0,0,0,0,0,0,0,0,0,0,0,0,0,0,0,0,0,0,0,0,0,0,0,0,0,0,0,0,0,0,0,0,0,0,0,0,0,0,0,2505,1,0,3,20,0,5,2,4,2,0,0,0,485,852,214,237,11,2,2
0,0,0,0,0,0,0,0,0,0,0,0,0,0,0,0,0,0,0,0,0,0,0,0,0,0,0,0,0,0,0,0,0,0,0,0,0,0,0,0,0,0,0,0,0,0,0,0,0,0,0,0,0,0,0,0,0,0,0,0,0,0,0,0,0,0,0,0,0,0,0,0,0,0,0,0,0,0,0,0,0,0,0,0,0,0,0,0,0,0,0,0,0,0,0,0,0,0,0,0,0,0,0,0,0,0,0,0,0,0,0,0,0,0,0,0,0,0,0,0,0,0,0,0,0,0,0,0,0,0,0,0,0,0,0,0,0,0,0,0,0,0,0,0,0,0,307,3,0,0,0,0,32,0,1,0,0,0,6,120,67,0,1,0,86
0,0,0,0,0,0,0,0,0,0,0,0,0,0,0,0,0,0,0,0,0,0,0,0,0,0,0,0,0,0,0,0,0,0,0,0,0,0,0,0,0,0,0,0,0,0,0,0,0,0,0,0,0,0,0,0,0,0,0,0,0,0,0,0,0,0,0,0,0,0,0,0,0,0,0,0,0,0,0,0,0,0,0,0,0,0,0,0,0,0,0,0,0,0,0,0,0,0,0,0,0,0,0,0,0,0,0,0,0,0,0,0,0,0,0,0,0,0,0,0,0,0,0,0,0,0,0,0,0,0,0,0,0,0,0,0,0,0,0,0,0,0,0,0,0,0,0,789,2,12,0,43,0,8,2,12,0,0,43,8,6,19,29,1,0
0,0,0,0,0,0,0,0,0,0,0,0,0,0,0,0,0,0,0,0,0,0,0,0,0,0,0,0,0,0,0,0,0,0,0,0,0,0,0,0,0,0,0,0,0,0,0,0,0,0,0,0,0,0,0,0,0,0,0,0,0,0,0,0,0,0,0,0,0,0,0,0,0,0,0,0,0,0,0,0,0,0,0,0,0,0,0,0,0,0,0,0,0,0,0,0,0,0,0,0,0,0,0,0,0,0,0,0,0,0,0,0,0,0,0,0,0,0,0,0,0,0,0,0,0,0,0,0,0,0,0,0,0,0,0,0,0,0,0,0,0,0,0,0,0,0,0,0,2182,871,0,7,1,4,4,2,0,2,113,35,19,13,603,7,11
0,0,0,0,0,0,0,0,0,0,0,0,0,0,0,0,0,0,0,0,0,0,0,0,0,0,0,0,0,0,0,0,0,0,0,0,0,0,0,0,0,0,0,0,0,0,0,0,0,0,0,0,0,0,0,0,0,0,0,0,0,0,0,0,0,0,0,0,0,0,0,0,0,0,0,0,0,0,0,0,0,0,0,0,0,0,0,0,0,0,0,0,0,0,0,0,0,0,0,0,0,0,0,0,0,0,0,0,0,0,0,0,0,0,0,0,0,0,0,0,0,0,0,0,0,0,0,0,0,0,0,0,0,0,0,0,0,0,0,0,0,0,0,0,0,0,0,0,0,17706,81,14,2,1,3,4,0,3,261,59,41,21,87,19,5
0,0,0,0,0,0,0,0,0,0,0,0,0,0,0,0,0,0,0,0,0,0,0,0,0,0,0,0,0,0,0,0,0,0,0,0,0,0,0,0,0,0,0,0,0,0,0,0,0,0,0,0,0,0,0,0,0,0,0,0,0,0,0,0,0,0,0,0,0,0,0,0,0,0,0,0,0,0,0,0,0,0,0,0,0,0,0,0,0,0,0,0,0,0,0,0,0,0,0,0,0,0,0,0,0,0,0,0,0,0,0,0,0,0,0,0,0,0,0,0,0,0,0,0,0,0,0,0,0,0,0,0,0,0,0,0,0,0,0,0,0,0,0,0,0,0,0,0,0,0,44,4,0,0,0,0,0,0,1,0,0,0,0,0,0
0,0,0,0,0,0,0,0,0,0,0,0,0,0,0,0,0,0,0,0,0,0,0,0,0,0,0,0,0,0,0,0,0,0,0,0,0,0,0,0,0,0,0,0,0,0,0,0,0,0,0,0,0,0,0,0,0,0,0,0,0,0,0,0,0,0,0,0,0,0,0,0,0,0,0,0,0,0,0,0,0,0,0,0,0,0,0,0,0,0,0,0,0,0,0,0,0,0,0,0,0,0,0,0,0,0,0,0,0,0,0,0,0,0,0,0,0,0,0,0,0,0,0,0,0,0,0,0,0,0,0,0,0,0,0,0,0,0,0,0,0,0,0,0,0,0,0,0,0,0,0,11104,4890,928,911,2952,64,125,1051,89,23,42,27,7,21
0,0,0,0,0,0,0,0,0,0,0,0,0,0,0,0,0,0,0,0,0,0,0,0,0,0,0,0,0,0,0,0,0,0,0,0,0,0,0,0,0,0,0,0,0,0,0,0,0,0,0,0,0,0,0,0,0,0,0,0,0,0,0,0,0,0,0,0,0,0,0,0,0,0,0,0,0,0,0,0,0,0,0,0,0,0,0,0,0,0,0,0,0,0,0,0,0,0,0,0,0,0,0,0,0,0,0,0,0,0,0,0,0,0,0,0,0,0,0,0,0,0,0,0,0,0,0,0,0,0,0,0,0,0,0,0,0,0,0,0,0,0,0,0,0,0,0,0,0,0,0,0,4938,12764,2809,188,3,1087,18,47,15,19,3,0,23
0,0,0,0,0,0,0,0,0,0,0,0,0,0,0,0,0,0,0,0,0,0,0,0,0,0,0,0,0,0,0,0,0,0,0,0,0,0,0,0,0,0,0,0,0,0,0,0,0,0,0,0,0,0,0,0,0,0,0,0,0,0,0,0,0,0,0,0,0,0,0,0,0,0,0,0,0,0,0,0,0,0,0,0,0,0,0,0,0,0,0,0,0,0,0,0,0,0,0,0,0,0,0,0,0,0,0,0,0,0,0,0,0,0,0,0,0,0,0,0,0,0,0,0,0,0,0,0,0,0,0,0,0,0,0,0,0,0,0,0,0,0,0,0,0,0,0,0,0,0,0,0,0,9106,4525,239,46,1613,20,25,29,44,50,4,27
0,0,0,0,0,0,0,0,0,0,0,0,0,0,0,0,0,0,0,0,0,0,0,0,0,0,0,0,0,0,0,0,0,0,0,0,0,0,0,0,0,0,0,0,0,0,0,0,0,0,0,0,0,0,0,0,0,0,0,0,0,0,0,0,0,0,0,0,0,0,0,0,0,0,0,0,0,0,0,0,0,0,0,0,0,0,0,0,0,0,0,0,0,0,0,0,0,0,0,0,0,0,0,0,0,0,0,0,0,0,0,0,0,0,0,0,0,0,0,0,0,0,0,0,0,0,0,0,0,0,0,0,0,0,0,0,0,0,0,0,0,0,0,0,0,0,0,0,0,0,0,0,0,0,571,727,23,78,27,18,2,26,6,1,1
0,0,0,0,0,0,0,0,0,0,0,0,0,0,0,0,0,0,0,0,0,0,0,0,0,0,0,0,0,0,0,0,0,0,0,0,0,0,0,0,0,0,0,0,0,0,0,0,0,0,0,0,0,0,0,0,0,0,0,0,0,0,0,0,0,0,0,0,0,0,0,0,0,0,0,0,0,0,0,0,0,0,0,0,0,0,0,0,0,0,0,0,0,0,0,0,0,0,0,0,0,0,0,0,0,0,0,0,0,0,0,0,0,0,0,0,0,0,0,0,0,0,0,0,0,0,0,0,0,0,0,0,0,0,0,0,0,0,0,0,0,0,0,0,0,0,0,0,0,0,0,0,0,0,0,4315,173,5,12,0,0,1,14,0,0
0,0,0,0,0,0,0,0,0,0,0,0,0,0,0,0,0,0,0,0,0,0,0,0,0,0,0,0,0,0,0,0,0,0,0,0,0,0,0,0,0,0,0,0,0,0,0,0,0,0,0,0,0,0,0,0,0,0,0,0,0,0,0,0,0,0,0,0,0,0,0,0,0,0,0,0,0,0,0,0,0,0,0,0,0,0,0,0,0,0,0,0,0,0,0,0,0,0,0,0,0,0,0,0,0,0,0,0,0,0,0,0,0,0,0,0,0,0,0,0,0,0,0,0,0,0,0,0,0,0,0,0,0,0,0,0,0,0,0,0,0,0,0,0,0,0,0,0,0,0,0,0,0,0,0,0,64,7,0,0,0,0,0,0,0
0,0,0,0,0,0,0,0,0,0,0,0,0,0,0,0,0,0,0,0,0,0,0,0,0,0,0,0,0,0,0,0,0,0,0,0,0,0,0,0,0,0,0,0,0,0,0,0,0,0,0,0,0,0,0,0,0,0,0,0,0,0,0,0,0,0,0,0,0,0,0,0,0,0,0,0,0,0,0,0,0,0,0,0,0,0,0,0,0,0,0,0,0,0,0,0,0,0,0,0,0,0,0,0,0,0,0,0,0,0,0,0,0,0,0,0,0,0,0,0,0,0,0,0,0,0,0,0,0,0,0,0,0,0,0,0,0,0,0,0,0,0,0,0,0,0,0,0,0,0,0,0,0,0,0,0,0,362,0,58,57,5,3,0,79
0,0,0,0,0,0,0,0,0,0,0,0,0,0,0,0,0,0,0,0,0,0,0,0,0,0,0,0,0,0,0,0,0,0,0,0,0,0,0,0,0,0,0,0,0,0,0,0,0,0,0,0,0,0,0,0,0,0,0,0,0,0,0,0,0,0,0,0,0,0,0,0,0,0,0,0,0,0,0,0,0,0,0,0,0,0,0,0,0,0,0,0,0,0,0,0,0,0,0,0,0,0,0,0,0,0,0,0,0,0,0,0,0,0,0,0,0,0,0,0,0,0,0,0,0,0,0,0,0,0,0,0,0,0,0,0,0,0,0,0,0,0,0,0,0,0,0,0,0,0,0,0,0,0,0,0,0,0,10115,5338,412,672,3263,110,269
0,0,0,0,0,0,0,0,0,0,0,0,0,0,0,0,0,0,0,0,0,0,0,0,0,0,0,0,0,0,0,0,0,0,0,0,0,0,0,0,0,0,0,0,0,0,0,0,0,0,0,0,0,0,0,0,0,0,0,0,0,0,0,0,0,0,0,0,0,0,0,0,0,0,0,0,0,0,0,0,0,0,0,0,0,0,0,0,0,0,0,0,0,0,0,0,0,0,0,0,0,0,0,0,0,0,0,0,0,0,0,0,0,0,0,0,0,0,0,0,0,0,0,0,0,0,0,0,0,0,0,0,0,0,0,0,0,0,0,0,0,0,0,0,0,0,0,0,0,0,0,0,0,0,0,0,0,0,0,4564,5980,3091,237,30,1078
0,0,0,0,0,0,0,0,0,0,0,0,0,0,0,0,0,0,0,0,0,0,0,0,0,0,0,0,0,0,0,0,0,0,0,0,0,0,0,0,0,0,0,0,0,0,0,0,0,0,0,0,0,0,0,0,0,0,0,0,0,0,0,0,0,0,0,0,0,0,0,0,0,0,0,0,0,0,0,0,0,0,0,0,0,0,0,0,0,0,0,0,0,0,0,0,0,0,0,0,0,0,0,0,0,0,0,0,0,0,0,0,0,0,0,0,0,0,0,0,0,0,0,0,0,0,0,0,0,0,0,0,0,0,0,0,0,0,0,0,0,0,0,0,0,0,0,0,0,0,0,0,0,0,0,0,0,0,0,0,731,1511,62,48,1534
0,0,0,0,0,0,0,0,0,0,0,0,0,0,0,0,0,0,0,0,0,0,0,0,0,0,0,0,0,0,0,0,0,0,0,0,0,0,0,0,0,0,0,0,0,0,0,0,0,0,0,0,0,0,0,0,0,0,0,0,0,0,0,0,0,0,0,0,0,0,0,0,0,0,0,0,0,0,0,0,0,0,0,0,0,0,0,0,0,0,0,0,0,0,0,0,0,0,0,0,0,0,0,0,0,0,0,0,0,0,0,0,0,0,0,0,0,0,0,0,0,0,0,0,0,0,0,0,0,0,0,0,0,0,0,0,0,0,0,0,0,0,0,0,0,0,0,0,0,0,0,0,0,0,0,0,0,0,0,0,0,322,155,123,9
0,0,0,0,0,0,0,0,0,0,0,0,0,0,0,0,0,0,0,0,0,0,0,0,0,0,0,0,0,0,0,0,0,0,0,0,0,0,0,0,0,0,0,0,0,0,0,0,0,0,0,0,0,0,0,0,0,0,0,0,0,0,0,0,0,0,0,0,0,0,0,0,0,0,0,0,0,0,0,0,0,0,0,0,0,0,0,0,0,0,0,0,0,0,0,0,0,0,0,0,0,0,0,0,0,0,0,0,0,0,0,0,0,0,0,0,0,0,0,0,0,0,0,0,0,0,0,0,0,0,0,0,0,0,0,0,0,0,0,0,0,0,0,0,0,0,0,0,0,0,0,0,0,0,0,0,0,0,0,0,0,0,5171,393,19
0,0,0,0,0,0,0,0,0,0,0,0,0,0,0,0,0,0,0,0,0,0,0,0,0,0,0,0,0,0,0,0,0,0,0,0,0,0,0,0,0,0,0,0,0,0,0,0,0,0,0,0,0,0,0,0,0,0,0,0,0,0,0,0,0,0,0,0,0,0,0,0,0,0,0,0,0,0,0,0,0,0,0,0,0,0,0,0,0,0,0,0,0,0,0,0,0,0,0,0,0,0,0,0,0,0,0,0,0,0,0,0,0,0,0,0,0,0,0,0,0,0,0,0,0,0,0,0,0,0,0,0,0,0,0,0,0,0,0,0,0,0,0,0,0,0,0,0,0,0,0,0,0,0,0,0,0,0,0,0,0,0,0,162,57
0,0,0,0,0,0,0,0,0,0,0,0,0,0,0,0,0,0,0,0,0,0,0,0,0,0,0,0,0,0,0,0,0,0,0,0,0,0,0,0,0,0,0,0,0,0,0,0,0,0,0,0,0,0,0,0,0,0,0,0,0,0,0,0,0,0,0,0,0,0,0,0,0,0,0,0,0,0,0,0,0,0,0,0,0,0,0,0,0,0,0,0,0,0,0,0,0,0,0,0,0,0,0,0,0,0,0,0,0,0,0,0,0,0,0,0,0,0,0,0,0,0,0,0,0,0,0,0,0,0,0,0,0,0,0,0,0,0,0,0,0,0,0,0,0,0,0,0,0,0,0,0,0,0,0,0,0,0,0,0,0,0,0,0,475
